SK_ID_BUREAU,MONTHS_BALANCE,STATUS
5004962,-68,C
5004962,-29,C
5004962,-28,C
5004962,-27,C
5004962,-26,C
5004962,-24,C
5004962,-51,C
5004962,-52,C
5004962,-30,C
5004962,-53,C
5004962,-55,C
5004962,-56,C
5004962,-57,C
5004962,-58,C
5004962,-59,C
5004962,-60,C
5004962,-61,C
5004962,-54,C
5004962,-31,C
5004962,-32,C
5004962,-33,C
5004962,-50,C
5004962,-49,C
5004962,-48,C
5004962,-47,C
5004962,-46,C
5004962,-45,C
5004962,-44,C
5004962,-43,C
5004962,-42,C
5004962,-41,C
5004962,-40,C
5004962,-39,C
5004962,-38,C
5004962,-37,C
5004962,-36,C
5004962,-35,C
5004962,-34,C
5004962,-62,C
5004962,-63,C
5004962,-25,C
5004962,-65,C
5004962,-14,C
5004962,-13,C
5004962,-12,C
5004962,-11,C
5004962,-78,0
5004962,-77,0
5004962,0,C
5004962,-15,C
5004962,-1,C
5004962,-3,C
5004962,-4,C
5004962,-5,C
5004962,-6,C
5004962,-64,C
5004962,-7,C
5004962,-8,C
5004962,-2,C
5004962,-10,C
5004962,-16,C
5004962,-18,C
5004962,-66,C
5004962,-67,C
5004962,-69,C
5004962,-70,C
5004962,-71,C
5004962,-72,C
5004962,-73,C
5004962,-17,C
5004962,-74,C
5004962,-76,C
5004962,-23,C
5004962,-22,C
5004962,-79,0
5004962,-21,C
5004962,-20,C
5004962,-19,C
5004962,-75,C
5004962,-9,C
5004963,-9,0
5004963,-10,0
5004963,-11,0
5004963,-1,C
5004963,-2,C
5004963,-3,C
5004963,0,C
5004963,-5,0
5004963,-6,0
5004963,-7,0
5004963,-8,0
5004963,-4,C
5004964,-40,X
5004964,-34,0
5004964,-35,X
5004964,-36,0
5004964,-37,0
5004964,-38,X
5004964,-39,0
5004964,-41,0
5004964,-46,X
5004964,-43,0
5004964,-44,0
5004964,-45,X
5004964,-47,0
5004964,-48,X
5004964,-49,X
5004964,-33,X
5004964,-42,X
5004964,-32,0
5004964,-1,C
5004964,-30,X
5004964,-11,C
5004964,-10,C
5004964,-9,C
5004964,-8,C
5004964,-31,0
5004964,-7,C
5004964,-6,C
5004964,-5,C
5004964,-4,C
5004964,-3,C
5004964,-2,C
5004964,0,C
5004964,-14,C
5004964,-13,C
5004964,-15,X
5004964,-17,0
5004964,-18,0
5004964,-19,0
5004964,-20,X
5004964,-21,0
5004964,-22,0
5004964,-23,0
5004964,-24,X
5004964,-25,0
5004964,-26,X
5004964,-27,0
5004964,-28,X
5004964,-29,0
5004964,-16,X
5004964,-12,C
5004965,-7,0
5004965,-10,X
5004965,0,C
5004965,-11,X
5004965,-2,C
5004965,-3,C
5004965,-1,C
5004965,-5,0
5004965,-6,0
5004965,-8,X
5004965,-9,0
5004965,-4,C
5004966,-21,0
5004966,-25,0
5004966,-24,0
5004966,-23,0
5004966,-22,0
5004966,-20,0
5004966,-17,0
5004966,-18,0
5004966,-19,0
5004966,-13,C
5004966,-12,C
5004966,-11,C
5004966,-10,C
5004966,-9,C
5004966,-7,C
5004966,-6,C
5004966,-8,C
5004966,-4,C
5004966,-3,C
5004966,-2,C
5004966,-1,C
5004966,-14,0
5004966,-15,0
5004966,-16,0
5004966,0,C
5004966,-5,C
5004967,-40,0
5004967,-35,0
5004967,-36,0
5004967,-37,0
5004967,-38,0
5004967,-39,0
5004967,-41,0
5004967,-50,0
5004967,-43,0
5004967,-44,0
5004967,-45,0
5004967,-46,0
5004967,-47,0
5004967,-48,0
5004967,-49,0
5004967,-33,0
5004967,-42,0
5004967,-32,0
5004967,-34,0
5004967,-30,0
5004967,0,C
5004967,-1,C
5004967,-2,C
5004967,-3,C
5004967,-4,C
5004967,-5,C
5004967,-6,C
5004967,-7,C
5004967,-8,C
5004967,-9,C
5004967,-31,0
5004967,-11,C
5004967,-12,C
5004967,-13,C
5004967,-14,C
5004967,-10,C
5004967,-16,C
5004967,-29,0
5004967,-28,C
5004967,-15,C
5004967,-26,C
5004967,-25,C
5004967,-24,C
5004967,-27,C
5004967,-22,C
5004967,-21,C
5004967,-20,C
5004967,-19,C
5004967,-18,C
5004967,-17,C
5004967,-23,C
5038523,-13,X
5038523,-14,X
5038523,-15,0
5038523,-16,0
5038523,-17,0
5038523,-18,0
5038523,-19,0
5038523,-20,0
5038523,-21,0
5038523,-24,0
5038523,-23,0
5038523,-25,0
5038523,-26,0
5038523,-27,0
5038523,-28,0
5038523,-29,0
5038523,-30,0
5038523,-31,0
5038523,-22,0
5038524,-33,0
5038524,-34,0
5038524,-35,0
5038524,-36,0
5038524,-37,0
5038524,-38,0
5038524,-42,0
5038524,-40,0
5038524,-41,0
5038524,-32,0
5038524,-43,0
5038524,-45,0
5038524,-39,0
5038524,-31,0
5038524,-44,0
5038524,-29,0
5038524,-28,X
5038524,-27,X
5038524,-30,0
5038525,-33,0
5038525,-34,0
5038525,-35,0
5038525,-36,0
5038525,-38,0
5038525,-39,0
5038525,-40,0
5038525,-41,0
5038525,-42,0
5038525,-43,0
5038525,-44,0
5038525,-45,0
5038525,-32,0
5038525,-31,0
5038525,-37,0
5038525,-29,0
5038525,-28,X
5038525,-27,X
5038525,-30,0
5038526,-3,0
5038526,-4,0
5038526,-5,0
5038526,-6,0
5038526,-7,0
5038526,-9,0
5038526,-10,0
5038526,-11,0
5038526,-12,0
5038526,-13,0
5038526,-14,0
5038526,-8,0
5038526,-2,0
5038526,0,X
5038526,-17,0
5038526,-18,0
5038526,-15,0
5038526,-1,X
5038526,-16,0
5231094,-2,X
5231094,-3,X
5231094,-4,X
5231094,-5,X
5231094,-6,X
5231094,-7,X
5231094,-8,X
5231094,-9,X
5231094,-10,X
5231094,0,X
5231094,-1,X
5295749,0,0
5295749,-1,0
5295749,-2,0
5369259,-5,C
5369259,-8,C
5369259,-9,C
5369259,-10,C
5369259,-11,C
5369259,-12,C
5369259,-13,C
5369259,-14,C
5369259,-15,0
5369259,-18,0
5369259,-23,0
5369259,-7,C
5369259,-19,0
5369259,-20,0
5369259,-21,0
5369259,-26,0
5369259,-25,0
5369259,-24,0
5369259,-16,0
5369259,-6,C
5369259,-17,0
5369259,-4,C
5369259,0,C
5369259,-1,C
5369259,-22,0
5369259,-3,C
5369259,-2,C
5369260,-29,X
5369260,-28,X
5369260,-27,X
5369260,-26,X
5369260,-25,X
5369260,-24,X
5369260,-23,X
5369260,-22,X
5369260,-21,X
5369260,-19,X
5369260,-18,X
5369260,-17,X
5369260,-16,X
5369260,-15,X
5369260,-14,X
5369260,-13,X
5369260,-20,X
5369260,-31,X
5369260,-30,X
5369260,-33,X
5369260,-39,X
5369260,-38,X
5369260,-37,X
5369260,-32,X
5369260,-35,X
5369260,-34,X
5369260,-36,X
5369261,-55,X
5369261,-54,0
5369261,-53,0
5369261,-42,C
5369261,-43,C
5369261,-44,0
5369261,-46,0
5369261,-47,0
5369261,-41,C
5369261,-49,0
5369261,-50,0
5369261,-51,0
5369261,-52,0
5369261,-45,0
5369261,-48,0
5369261,-40,C
5369261,-1,C
5369261,-23,C
5369261,-24,C
5369261,-25,C
5369261,-26,C
5369261,-27,C
5369261,-28,C
5369261,-30,C
5369261,-31,C
5369261,-32,C
5369261,-33,C
5369261,-34,C
5369261,-35,C
5369261,-39,C
5369261,-38,C
5369261,-37,C
5369261,-36,C
5369261,0,C
5369261,-22,C
5369261,-21,C
5369261,-29,C
5369261,-19,C
5369261,-2,C
5369261,-20,C
5369261,-4,C
5369261,-5,C
5369261,-6,C
5369261,-7,C
5369261,-8,C
5369261,-9,C
5369261,-10,C
5369261,-3,C
5369261,-12,C
5369261,-13,C
5369261,-14,C
5369261,-15,C
5369261,-16,C
5369261,-17,C
5369261,-18,C
5369261,-11,C
5369262,-25,C
5369262,-26,C
5369262,-27,C
5369262,-28,0
5369262,-29,0
5369262,-30,0
5369262,-31,0
5369262,-34,0
5369262,-33,0
5369262,-35,0
5369262,-36,0
5369262,-37,0
5369262,-38,0
5369262,-39,0
5369262,-24,C
5369262,-32,0
5369262,-23,C
5369262,-17,C
5369262,-21,C
5369262,-2,C
5369262,-1,C
5369262,-22,C
5369262,0,C
5369262,-3,C
5369262,-4,C
5369262,-6,C
5369262,-7,C
5369262,-8,C
5369262,-9,C
5369262,-5,C
5369262,-11,C
5369262,-12,C
5369262,-13,C
5369262,-20,C
5369262,-14,C
5369262,-15,C
5369262,-19,C
5369262,-18,C
5369262,-16,C
5369262,-10,C
5471413,-3,0
5471413,-1,0
5471413,0,0
5471413,-2,0
5471414,-11,0
5471414,-14,0
5471414,-13,0
5471414,-12,0
5471414,-10,0
5471414,-1,1
5471414,-8,0
5471414,-7,0
5471414,-6,0
5471414,-5,0
5471414,-4,1
5471414,-3,0
5471414,-2,0
5471414,0,0
5471414,-9,0
5471415,0,0
5471415,-1,0
5471415,-2,0
5471415,-3,0
5471415,-4,0
5471415,-5,0
5564644,-55,X
5564644,-54,0
5564644,-15,C
5564644,-25,C
5564644,-24,C
5564644,-23,C
5564644,-21,C
5564644,-20,C
5564644,-19,C
5564644,-18,C
5564644,-17,C
5564644,-16,C
5564644,-14,C
5564644,-13,C
5564644,-26,C
5564644,-12,C
5564644,-10,C
5564644,-9,C
5564644,-8,C
5564644,-7,C
5564644,-6,C
5564644,-5,C
5564644,-4,C
5564644,-3,C
5564644,-2,C
5564644,-1,C
5564644,0,C
5564644,-11,C
5564644,-27,C
5564644,-22,C
5564644,-29,C
5564644,-53,0
5564644,-52,0
5564644,-51,0
5564644,-50,0
5564644,-49,0
5564644,-48,0
5564644,-47,0
5564644,-46,0
5564644,-28,C
5564644,-44,0
5564644,-43,C
5564644,-42,C
5564644,-41,C
5564644,-45,0
5564644,-39,C
5564644,-40,C
5564644,-31,C
5564644,-32,C
5564644,-33,C
5564644,-34,C
5564644,-30,C
5564644,-36,C
5564644,-37,C
5564644,-38,C
5564644,-35,C
5574778,-40,X
5574778,-29,X
5574778,-30,X
5574778,-31,X
5574778,-32,X
5574778,-33,X
5574778,-35,X
5574778,-36,X
5574778,-37,X
5574778,-38,X
5574778,-39,X
5574778,-41,X
5574778,-45,X
5574778,-43,X
5574778,-44,X
5574778,-46,X
5574778,-47,X
5574778,-48,X
5574778,-49,X
5574778,-50,X
5574778,-51,X
5574778,-52,X
5574778,-53,X
5574778,-28,X
5574778,-42,X
5574778,-27,X
5574778,-34,X
5574778,-25,X
5574778,-26,X
5574778,-2,X
5574778,-4,X
5574778,-5,X
5574778,-6,X
5574778,-7,X
5574778,-8,X
5574778,-9,X
5574778,-1,X
5574778,-10,X
5574778,-11,X
5574778,-12,X
5574778,-3,X
5574778,-14,X
5574778,-13,X
5574778,-23,X
5574778,-22,X
5574778,-21,X
5574778,-20,X
5574778,-24,X
5574778,-19,X
5574778,-18,X
5574778,-17,X
5574778,-16,X
5574778,-15,X
5574778,0,X
5574779,-33,X
5574779,-26,X
5574779,-27,X
5574779,-28,X
5574779,-29,X
5574779,-30,X
5574779,-31,X
5574779,-32,X
5574779,-34,X
5574779,-40,X
5574779,-36,X
5574779,-37,X
5574779,-38,X
5574779,-39,X
5574779,-41,X
5574779,-42,X
5574779,-43,X
5574779,-44,X
5574779,-45,X
5574779,-25,X
5574779,-35,X
5574779,-24,X
5574779,-20,X
5574779,-22,X
5574779,-23,X
5574779,-1,X
5574779,-2,X
5574779,-3,X
5574779,-4,X
5574779,-5,X
5574779,-6,X
5574779,-7,X
5574779,-8,X
5574779,-9,X
5574779,0,X
5574779,-11,X
5574779,-10,X
5574779,-19,X
5574779,-18,X
5574779,-17,X
5574779,-21,X
5574779,-15,X
5574779,-14,X
5574779,-13,X
5574779,-12,X
5574779,-16,X
5574780,-61,C
5574780,-68,X
5574780,-67,X
5574780,-66,X
5574780,-65,X
5574780,-64,X
5574780,-63,C
5574780,-62,C
5574780,-60,C
5574780,-50,C
5574780,-58,C
5574780,-57,C
5574780,-56,C
5574780,-69,X
5574780,-55,C
5574780,-54,C
5574780,-53,C
5574780,-52,C
5574780,-51,C
5574780,-59,C
5574780,-70,X
5574780,0,C
5574780,-72,X
5574780,-49,C
5574780,-1,C
5574780,-89,X
5574780,-88,X
5574780,-87,X
5574780,-86,X
5574780,-85,X
5574780,-84,X
5574780,-83,X
5574780,-82,X
5574780,-81,X
5574780,-80,X
5574780,-79,X
5574780,-78,X
5574780,-77,X
5574780,-76,X
5574780,-75,X
5574780,-74,X
5574780,-73,X
5574780,-71,X
5574780,-48,C
5574780,-15,C
5574780,-46,C
5574780,-21,C
5574780,-20,C
5574780,-19,C
5574780,-18,C
5574780,-17,C
5574780,-16,C
5574780,-14,C
5574780,-13,C
5574780,-12,C
5574780,-11,C
5574780,-10,C
5574780,-9,C
5574780,-8,C
5574780,-7,C
5574780,-6,C
5574780,-5,C
5574780,-4,C
5574780,-47,C
5574780,-2,C
5574780,-22,C
5574780,-23,C
5574780,-3,C
5574780,-25,C
5574780,-24,C
5574780,-45,C
5574780,-44,C
5574780,-43,C
5574780,-42,C
5574780,-41,C
5574780,-40,C
5574780,-39,C
5574780,-37,C
5574780,-36,C
5574780,-38,C
5574780,-34,C
5574780,-26,C
5574780,-27,C
5574780,-35,C
5574780,-29,C
5574780,-30,C
5574780,-28,C
5574780,-32,C
5574780,-33,C
5574780,-31,C
5574781,-64,X
5574781,-59,C
5574781,-63,C
5574781,-62,C
5574781,-61,C
5574781,-60,C
5574781,-58,C
5574781,-48,C
5574781,-56,C
5574781,-55,C
5574781,-54,C
5574781,-53,C
5574781,-52,C
5574781,-51,C
5574781,-50,C
5574781,-49,C
5574781,-47,C
5574781,-57,C
5574781,-65,X
5574781,-75,X
5574781,-67,X
5574781,-87,X
5574781,-46,C
5574781,-86,X
5574781,-85,X
5574781,-84,X
5574781,-83,X
5574781,-82,X
5574781,-81,X
5574781,-80,X
5574781,-66,X
5574781,-79,X
5574781,-77,X
5574781,-76,X
5574781,-74,X
5574781,-73,X
5574781,-72,X
5574781,-71,X
5574781,-70,X
5574781,-69,X
5574781,-68,X
5574781,-78,X
5574781,-45,C
5574781,-23,C
5574781,-43,C
5574781,-18,C
5574781,-17,C
5574781,-16,C
5574781,-15,C
5574781,-13,C
5574781,-12,C
5574781,-11,C
5574781,-10,C
5574781,-9,C
5574781,-8,C
5574781,-7,C
5574781,-6,C
5574781,-5,C
5574781,-4,C
5574781,-3,C
5574781,-2,C
5574781,-1,C
5574781,0,C
5574781,-88,X
5574781,-19,C
5574781,-44,C
5574781,-20,C
5574781,-22,C
5574781,-42,C
5574781,-41,C
5574781,-40,C
5574781,-39,C
5574781,-38,C
5574781,-37,C
5574781,-36,C
5574781,-35,C
5574781,-34,C
5574781,-33,C
5574781,-32,C
5574781,-31,C
5574781,-30,C
5574781,-29,C
5574781,-28,C
5574781,-27,C
5574781,-26,C
5574781,-25,C
5574781,-24,C
5574781,-21,C
5574781,-89,X
5574781,-14,C
5574782,0,X
5574782,-1,X
5574782,-2,X
5574782,-3,0
5574782,-4,X
5574782,-5,X
5574782,-6,X
5574782,-7,X
5574783,-6,0
5574783,-7,X
5574783,-5,0
5574783,-4,0
5574783,-1,0
5574783,-2,0
5574783,0,0
5574783,-3,0
5574784,-5,0
5574784,-8,X
5574784,-7,0
5574784,-6,0
5574784,-4,0
5574784,-2,0
5574784,-1,C
5574784,0,C
5574784,-3,0
5574785,-16,0
5574785,-20,0
5574785,-17,0
5574785,-18,0
5574785,-19,X
5574785,-21,0
5574785,-29,X
5574785,-24,0
5574785,-25,0
5574785,-26,0
5574785,-27,0
5574785,-28,0
5574785,-15,0
5574785,-23,1
5574785,-14,0
5574785,-22,0
5574785,-12,0
5574785,0,0
5574785,-1,0
5574785,-2,0
5574785,-4,X
5574785,-5,X
5574785,-13,0
5574785,-3,X
5574785,-7,X
5574785,-8,X
5574785,-9,0
5574785,-10,0
5574785,-11,0
5574785,-6,X
5574786,-23,0
5574786,-18,0
5574786,-19,0
5574786,-20,0
5574786,-21,0
5574786,-22,0
5574786,-24,X
5574786,-30,1
5574786,-26,0
5574786,-27,0
5574786,-28,0
5574786,-29,0
5574786,-17,0
5574786,-31,0
5574786,-32,0
5574786,-25,0
5574786,-16,0
5574786,-13,0
5574786,-14,0
5574786,-33,X
5574786,0,0
5574786,-15,0
5574786,-2,0
5574786,-3,0
5574786,-4,0
5574786,-5,0
5574786,-1,0
5574786,-7,0
5574786,-8,0
5574786,-9,0
5574786,-10,0
5574786,-11,0
5574786,-12,0
5574786,-6,0
5574787,-2,0
5574787,-3,0
5574787,-4,0
5574787,-5,0
5574787,-6,0
5574787,-7,0
5574787,-8,0
5574787,-9,0
5574787,-11,0
5574787,-10,0
5574787,-13,0
5574787,-14,0
5574787,-15,0
5574787,-16,0
5574787,-17,0
5574787,-18,0
5574787,-19,0
5574787,-20,0
5574787,-21,0
5574787,-1,0
5574787,-12,0
5574787,0,0
5574788,-1,C
5574788,0,C
5574788,-26,C
5574788,-27,C
5574788,-28,C
5574788,-29,C
5574788,-30,0
5574788,-31,0
5574788,-32,0
5574788,-33,0
5574788,-34,0
5574788,-35,0
5574788,-36,0
5574788,-37,0
5574788,-38,0
5574788,-39,0
5574788,-40,0
5574788,-41,0
5574788,-42,0
5574788,-43,0
5574788,-44,0
5574788,-25,C
5574788,-24,C
5574788,-45,0
5574788,-22,C
5574788,-23,C
5574788,-2,C
5574788,-3,C
5574788,-4,C
5574788,-5,C
5574788,-6,C
5574788,-8,C
5574788,-9,C
5574788,-10,C
5574788,-11,C
5574788,-7,C
5574788,-13,C
5574788,-14,C
5574788,-15,C
5574788,-21,C
5574788,-16,C
5574788,-17,C
5574788,-18,C
5574788,-19,C
5574788,-20,C
5574788,-12,C
5574789,-36,C
5574789,-37,C
5574789,-38,C
5574789,-42,0
5574789,-40,C
5574789,-41,0
5574789,-35,C
5574789,-39,C
5574789,-34,C
5574789,-23,C
5574789,-31,C
5574789,-30,C
5574789,-29,C
5574789,-28,C
5574789,-27,C
5574789,-26,C
5574789,-25,C
5574789,-24,C
5574789,-43,0
5574789,-33,C
5574789,-44,0
5574789,-11,C
5574789,-20,C
5574789,-21,C
5574789,0,C
5574789,-1,C
5574789,-2,C
5574789,-3,C
5574789,-4,C
5574789,-5,C
5574789,-6,C
5574789,-7,C
5574789,-45,0
5574789,-8,C
5574789,-10,C
5574789,-12,C
5574789,-13,C
5574789,-14,C
5574789,-15,C
5574789,-16,C
5574789,-17,C
5574789,-18,C
5574789,-19,C
5574789,-9,C
5574789,-22,C
5574789,-32,C
5574790,-7,0
5574790,-41,1
5574790,-42,0
5574790,-43,0
5574790,-44,0
5574790,-45,0
5574790,-46,0
5574790,-47,0
5574790,-48,0
5574790,-49,0
5574790,-50,0
5574790,-52,1
5574790,-53,0
5574790,-54,1
5574790,-55,0
5574790,-40,2
5574790,-56,0
5574790,-58,0
5574790,-59,0
5574790,-60,0
5574790,-61,0
5574790,-62,0
5574790,-63,0
5574790,-64,0
5574790,-65,0
5574790,-1,0
5574790,-2,0
5574790,-3,0
5574790,-4,0
5574790,-5,0
5574790,-6,0
5574790,-57,0
5574790,-39,0
5574790,-51,0
5574790,-37,0
5574790,-9,0
5574790,-10,0
5574790,-11,0
5574790,-38,0
5574790,-13,0
5574790,-14,0
5574790,-15,0
5574790,-16,0
5574790,-17,0
5574790,-8,0
5574790,0,0
5574790,-18,0
5574790,-19,0
5574790,-20,0
5574790,-21,0
5574790,-12,0
5574790,-23,0
5574790,-22,0
5574790,-36,0
5574790,-35,0
5574790,-33,0
5574790,-32,0
5574790,-31,0
5574790,-30,0
5574790,-34,0
5574790,-28,0
5574790,-27,0
5574790,-26,0
5574790,-25,0
5574790,-24,0
5574790,-29,0
5574791,-45,0
5574791,-44,C
5574791,-43,C
5574791,-42,C
5574791,-41,C
5574791,-39,C
5574791,-38,C
5574791,-37,C
5574791,-35,C
5574791,-46,0
5574791,-36,C
5574791,-40,C
5574791,-47,0
5574791,-54,0
5574791,-49,0
5574791,-50,0
5574791,-51,0
5574791,-52,0
5574791,-53,0
5574791,-55,0
5574791,-56,0
5574791,-57,1
5574791,-58,1
5574791,-59,0
5574791,-65,0
5574791,-34,C
5574791,-48,0
5574791,-33,C
5574791,-17,C
5574791,-31,C
5574791,-10,C
5574791,-9,C
5574791,-8,C
5574791,-7,C
5574791,-6,C
5574791,-32,C
5574791,-5,C
5574791,-4,C
5574791,-3,C
5574791,-2,C
5574791,-1,C
5574791,0,C
5574791,-62,0
5574791,-61,0
5574791,-60,0
5574791,-11,C
5574791,-12,C
5574791,-63,0
5574791,-14,C
5574791,-13,C
5574791,-22,C
5574791,-23,C
5574791,-24,C
5574791,-25,C
5574791,-26,C
5574791,-27,C
5574791,-28,C
5574791,-21,C
5574791,-29,C
5574791,-30,C
5574791,-20,C
5574791,-19,C
5574791,-18,C
5574791,-64,0
5574791,-16,C
5574791,-15,C
5576630,-25,C
5576630,-24,C
5576630,-7,C
5576630,-28,0
5576630,-5,C
5576630,-6,C
5576630,-26,C
5576630,-8,C
5576630,-13,C
5576630,-10,C
5576630,-23,C
5576630,-22,C
5576630,-21,C
5576630,-2,C
5576630,-3,C
5576630,-20,C
5576630,-9,C
5576630,-19,C
5576630,-17,C
5576630,-16,C
5576630,-15,C
5576630,-14,C
5576630,-12,C
5576630,-11,C
5576630,-18,C
5576630,-4,C
5576630,-27,C
5576630,-37,0
5576630,-29,0
5576630,-30,0
5576630,-31,0
5576630,-32,0
5576630,-33,0
5576630,-34,0
5576630,-35,0
5576630,-36,0
5576632,-78,C
5576632,-77,C
5576632,-75,C
5576632,-74,C
5576632,-76,C
5576632,-71,C
5576632,-70,C
5576632,-69,C
5576632,-79,C
5576632,-73,C
5576632,-80,C
5576632,-85,0
5576632,-82,0
5576632,-83,0
5576632,-84,0
5576632,-68,C
5576632,-86,0
5576632,-87,0
5576632,-88,0
5576632,-89,0
5576632,-90,0
5576632,-81,0
5576632,-67,C
5576632,-72,C
5576632,-65,C
5576632,-64,C
5576632,-63,C
5576632,-62,C
5576632,-61,C
5576632,-60,C
5576632,-59,C
5576632,-66,C
5576632,-58,C
5576632,-57,C
5576632,-56,C
5576632,-55,C
5653667,-64,0
5653667,-62,0
5653667,-61,1
5653667,-63,0
5653667,-57,C
5653667,-60,0
5653667,-58,C
5653667,-59,0
5653668,-70,0
5653668,-68,C
5653668,-67,C
5653668,-71,1
5653668,-73,0
5653668,-74,0
5653668,-69,0
5653668,-72,0
5653669,-12,X
5653669,-3,C
5653669,-4,C
5653669,-9,X
5653669,-10,X
5653669,-13,X
5653669,-14,X
5653669,-15,X
5653669,-8,X
5653669,-7,X
5653669,-6,X
5653669,-5,C
5653669,-2,C
5653669,-1,C
5653669,-11,X
5653669,0,C
5653670,0,1
5653670,-1,0
5653670,-2,0
5653670,-3,0
5680682,-6,C
5680682,-5,C
5680682,-12,X
5680682,-11,C
5680682,-10,C
5680682,-9,C
5680682,-8,C
5680682,-4,C
5680682,-7,C
5680683,-12,X
5680683,-11,X
5680683,-1,X
5680683,-9,X
5680683,-5,X
5680683,-6,X
5680683,-7,X
5680683,-8,X
5680683,-2,X
5680683,0,X
5680683,-3,X
5680683,-10,X
5680683,-4,X
5680684,-9,X
5680684,0,0
5680684,-1,0
5680684,-2,0
5680684,-3,0
5680684,-8,X
5680684,-4,0
5680684,-12,X
5680684,-6,X
5680684,-7,X
5680684,-11,X
5680684,-10,X
5680684,-5,X
5680685,-11,0
5680685,-4,0
5680685,-10,0
5680685,-5,1
5680685,-12,0
5680685,-8,0
5680685,-2,0
5680685,-1,1
5680685,0,1
5680685,-9,0
5680685,-7,0
5680685,-6,0
5680685,-3,0
5680686,-91,0
5680686,-89,0
5680686,-90,0
5680686,-81,C
5680686,-76,C
5680686,-77,C
5680686,-78,C
5680686,-79,C
5680686,-80,C
5680686,-88,0
5680686,-82,C
5680686,-83,C
5680686,-84,C
5680686,-85,C
5680686,-86,C
5680686,-87,C
5680687,-93,C
5680687,-83,C
5680687,-84,C
5680687,-85,C
5680687,-92,C
5680687,-87,C
5680687,-86,C
5680687,-89,C
5680687,-90,C
5680687,-91,C
5680687,-95,0
5680687,-94,C
5680687,-88,C
5680688,-76,C
5680688,-72,C
5680688,-73,C
5680688,-74,C
5680688,-75,C
5680688,-77,C
5680688,-71,C
5680688,-79,C
5680688,-80,C
5680688,-81,C
5680688,-82,0
5680688,-83,1
5680688,-84,0
5680688,-78,C
5680688,-70,C
5680688,-63,C
5680688,-68,C
5680688,-43,C
5680688,-44,C
5680688,-45,C
5680688,-46,C
5680688,-47,C
5680688,-48,C
5680688,-49,C
5680688,-50,C
5680688,-51,C
5680688,-69,C
5680688,-52,C
5680688,-53,C
5680688,-55,C
5680688,-56,C
5680688,-58,C
5680688,-59,C
5680688,-60,C
5680688,-61,C
5680688,-62,C
5680688,-64,C
5680688,-65,C
5680688,-66,C
5680688,-54,C
5680688,-67,C
5680688,-57,C
5680689,-7,1
5680689,-6,0
5680689,-5,C
5680689,-4,C
5680689,-3,C
5680689,-2,C
5680689,-1,C
5680689,0,C
5680689,-8,0
5680690,-10,0
5680690,0,C
5680690,-1,C
5680690,-2,C
5680690,-3,C
5680690,-9,C
5680690,-4,C
5680690,-5,C
5680690,-6,C
5680690,-7,C
5680690,-8,C
5680690,-11,0
5680691,-33,0
5680691,-38,0
5680691,-34,0
5680691,-35,0
5680691,-36,0
5680691,-37,0
5680691,-39,1
5680691,-40,0
5680691,-41,X
5680692,-35,C
5680692,-31,C
5680692,-32,C
5680692,-43,X
5680692,-42,C
5680692,-41,C
5680692,-40,C
5680692,-39,C
5680692,-33,C
5680692,-37,C
5680692,-36,C
5680692,-34,C
5680692,-38,C
5680693,-13,0
5680693,-43,0
5680693,-29,0
5680693,-30,0
5680693,-31,0
5680693,-32,1
5680693,-33,0
5680693,-34,0
5680693,-35,0
5680693,-36,0
5680693,-37,0
5680693,-38,0
5680693,-39,0
5680693,-40,0
5680693,-41,0
5680693,-42,0
5680693,-12,0
5680693,-28,0
5680693,-44,X
5680693,-27,1
5680693,-25,1
5680693,-3,0
5680693,-2,0
5680693,-1,0
5680693,0,0
5680693,-14,0
5680693,-15,0
5680693,-16,0
5680693,-17,3
5680693,-18,2
5680693,-19,0
5680693,-20,0
5680693,-21,0
5680693,-22,0
5680693,-23,0
5680693,-24,0
5680693,-26,0
5680693,-4,0
5680693,-5,0
5680693,-11,0
5680693,-10,0
5680693,-9,0
5680693,-8,0
5680693,-7,0
5680693,-6,0
5680694,-51,C
5680694,-50,C
5680694,-59,0
5680694,-49,C
5680694,-57,C
5680694,-48,C
5680694,-47,C
5680694,-52,C
5680694,-53,C
5680694,-54,C
5680694,-55,C
5680694,-58,C
5680694,-56,C
5680695,-33,0
5680695,-32,0
5680695,-30,0
5680695,-29,0
5680695,-22,C
5680695,-28,0
5680695,-23,C
5680695,-24,C
5680695,-25,C
5680695,-26,0
5680695,-27,0
5680695,-31,0
5680696,-7,0
5680696,-6,0
5680696,-5,0
5680696,-4,0
5680696,-3,0
5680696,-2,0
5680696,0,C
5680696,-8,X
5680696,-1,0
5680697,-7,X
5680697,-1,X
5680697,-2,X
5680697,-4,X
5680697,-5,X
5680697,-6,X
5680697,0,X
5680697,-3,X
5680698,-60,C
5680698,-58,C
5680698,-63,C
5680698,-62,C
5680698,-61,C
5680698,-39,C
5680698,-59,C
5680698,-40,C
5680698,-57,C
5680698,-56,C
5680698,-55,C
5680698,-54,C
5680698,-53,C
5680698,-52,C
5680698,-51,C
5680698,-50,C
5680698,-49,C
5680698,-48,C
5680698,-47,C
5680698,-46,C
5680698,-45,C
5680698,-44,C
5680698,-43,C
5680698,-64,C
5680698,-65,C
5680698,-66,C
5680698,-67,C
5680698,-32,C
5680698,-33,C
5680698,-34,C
5680698,-35,C
5680698,-36,C
5680698,-37,C
5680698,-38,C
5680698,-82,0
5680698,-81,0
5680698,-80,0
5680698,-42,C
5680698,-79,0
5680698,-77,0
5680698,-76,0
5680698,-75,C
5680698,-74,C
5680698,-73,C
5680698,-72,C
5680698,-71,C
5680698,-70,C
5680698,-69,C
5680698,-68,C
5680698,-78,0
5680698,-41,C
5680699,-7,X
5680699,0,X
5680699,-1,X
5680699,-2,X
5680699,-3,X
5680699,-4,X
5680699,-5,X
5680699,-6,X
5680699,-8,X
5727772,-44,0
5727772,-48,0
5727772,-47,0
5727772,-46,0
5727772,-45,0
5727772,-43,0
5727772,-27,C
5727772,-41,0
5727772,-34,C
5727772,-33,C
5727772,-32,C
5727772,-31,C
5727772,-30,C
5727772,-29,C
5727772,-35,C
5727772,-28,C
5727772,-24,C
5727772,-23,C
5727772,-22,C
5727772,-21,C
5727772,-20,C
5727772,-42,0
5727772,-26,C
5727772,-36,C
5727772,-25,C
5727772,-40,0
5727772,-39,0
5727772,-38,0
5727772,-37,0
5727773,-22,C
5727773,-21,C
5727773,-9,C
5727773,-10,C
5727773,-11,C
5727773,-12,C
5727773,-14,C
5727773,-15,C
5727773,-16,C
5727773,-17,C
5727773,-18,C
5727773,-19,C
5727773,-13,C
5727773,-37,0
5727773,-23,C
5727773,-24,C
5727773,-20,C
5727773,-26,0
5727773,-27,0
5727773,-28,0
5727773,-29,0
5727773,-25,C
5727773,-31,0
5727773,-32,0
5727773,-33,0
5727773,-34,0
5727773,-35,0
5727773,-36,0
5727773,-30,0
5790310,-2,C
5790310,-13,X
5790310,-12,0
5790310,-11,C
5790310,-10,C
5790310,-9,C
5790310,-5,C
5790310,-7,C
5790310,-6,C
5790310,-4,C
5790310,-3,C
5790310,-14,0
5790310,-8,C
5790310,-15,X
5790310,0,C
5790310,-1,C
5790311,-6,C
5790311,-22,0
5790311,-21,X
5790311,-19,0
5790311,-18,0
5790311,-17,X
5790311,-16,X
5790311,-15,X
5790311,-14,0
5790311,-7,C
5790311,-13,X
5790311,-10,C
5790311,-9,C
5790311,-8,C
5790311,0,C
5790311,-1,C
5790311,-2,C
5790311,-3,C
5790311,-4,C
5790311,-5,C
5790311,-11,X
5790311,-20,0
5790311,-12,1
5790312,-2,X
5790312,-14,0
5790312,-1,X
5790312,0,X
5790312,-5,X
5790312,-6,X
5790312,-7,0
5790312,-3,X
5790312,-8,0
5790312,-10,0
5790312,-11,X
5790312,-12,0
5790312,-13,X
5790312,-16,X
5790312,-15,X
5790312,-9,X
5790312,-4,X
5828816,-7,X
5828816,-12,X
5828816,-11,X
5828816,-10,X
5828816,-9,X
5828816,-8,X
5828816,0,X
5828816,-1,X
5828816,-6,X
5828816,-5,X
5828816,-4,X
5828816,-13,X
5828816,-3,X
5828816,-2,X
5828816,-23,X
5828816,-25,X
5828816,-22,X
5828816,-21,X
5828816,-20,X
5828816,-19,X
5828816,-24,X
5828816,-17,X
5828816,-16,X
5828816,-15,X
5828816,-14,X
5828816,-18,X
5828817,-21,X
5828817,-28,X
5828817,-27,X
5828817,-26,X
5828817,-25,X
5828817,-24,X
5828817,-23,X
5828817,-22,X
5828817,0,X
5828817,-19,X
5828817,-18,X
5828817,-1,X
5828817,-2,X
5828817,-3,X
5828817,-4,X
5828817,-5,X
5828817,-20,X
5828817,-7,X
5828817,-8,X
5828817,-9,X
5828817,-10,X
5828817,-11,X
5828817,-6,X
5828817,-17,X
5828817,-16,X
5828817,-15,X
5828817,-12,X
5828817,-13,X
5828817,-14,X
5828818,-9,X
5828818,-18,X
5828818,-17,X
5828818,-16,X
5828818,-15,X
5828818,-8,X
5828818,-13,X
5828818,-14,X
5828818,-1,X
5828818,-12,X
5828818,-10,X
5828818,-11,X
5828818,0,X
5828818,-7,X
5828818,-5,X
5828818,-4,X
5828818,-3,X
5828818,-2,X
5828818,-6,X
5828819,-12,X
5828819,-11,X
5828819,-10,X
5828819,-9,X
5828819,-8,X
5828819,-6,X
5828819,-5,X
5828819,-4,X
5828819,-1,X
5828819,0,X
5828819,-7,X
5828819,-3,X
5828819,-2,X
5828820,-9,X
5828820,-8,X
5828820,-19,X
5828820,-18,X
5828820,-17,X
5828820,-16,X
5828820,-14,X
5828820,-13,X
5828820,-12,X
5828820,-11,X
5828820,-15,X
5828820,0,X
5828820,-1,X
5828820,-2,X
5828820,-3,X
5828820,-4,X
5828820,-5,X
5828820,-6,X
5828820,-7,X
5828820,-10,X
5828821,-13,0
5828821,-14,0
5828821,-15,0
5828821,-16,0
5828821,-20,0
5828821,-18,0
5828821,-19,0
5828821,-12,0
5828821,-17,0
5828821,-11,0
5828821,-2,C
5828821,-9,0
5828821,-8,0
5828821,-7,0
5828821,-6,0
5828821,-5,C
5828821,-4,C
5828821,-3,C
5828821,-22,0
5828821,-1,C
5828821,0,C
5828821,-10,0
5828821,-23,0
5828821,-27,0
5828821,-43,0
5828821,-42,0
5828821,-41,0
5828821,-40,0
5828821,-39,0
5828821,-38,0
5828821,-37,0
5828821,-36,0
5828821,-35,0
5828821,-34,0
5828821,-33,0
5828821,-32,0
5828821,-31,0
5828821,-30,0
5828821,-29,0
5828821,-28,0
5828821,-25,0
5828821,-26,0
5828821,-44,0
5828821,-45,0
5828821,-21,0
5828821,-47,0
5828821,-48,0
5828821,-49,0
5828821,-50,0
5828821,-51,0
5828821,-52,0
5828821,-53,0
5828821,-24,0
5828821,-46,0
5828822,-4,C
5828822,-7,0
5828822,-8,0
5828822,-1,C
5828822,-3,C
5828822,-2,C
5828822,-5,C
5828822,0,C
5828822,-10,0
5828822,-9,0
5828822,-6,C
5828823,-3,C
5828823,-5,C
5828823,-4,C
5828823,-2,C
5828823,-1,C
5828823,-6,C
5828823,0,C
5828823,-8,C
5828823,-10,C
5828823,-9,C
5828823,-17,0
5828823,-16,0
5828823,-15,0
5828823,-7,C
5828823,-13,0
5828823,-12,0
5828823,-11,C
5828823,-14,0
5828824,0,0
5828824,-1,0
5828825,-8,0
5828825,-13,0
5828825,-12,0
5828825,-11,0
5828825,-10,0
5828825,-7,0
5828825,-9,0
5828825,-5,0
5828825,-4,0
5828825,-3,0
5828825,-2,0
5828825,-1,0
5828825,0,X
5828825,-6,0
5828826,-23,X
5828826,-22,0
5828826,-10,X
5828826,-21,X
5828826,-20,X
5828826,-19,0
5828826,-15,X
5828826,-17,X
5828826,-16,X
5828826,-14,X
5828826,-13,X
5828826,-12,X
5828826,-11,X
5828826,-18,0
5828826,-24,0
5828826,-4,X
5828826,-26,0
5828826,0,X
5828826,-1,X
5828826,-2,X
5828826,-3,X
5828826,-9,X
5828826,-25,0
5828826,-5,X
5828826,-7,X
5828826,-29,0
5828826,-28,0
5828826,-27,0
5828826,-6,X
5828826,-8,X
5828827,-1,C
5828827,0,C
5828827,-2,C
5828827,-3,C
5828827,-6,0
5828827,-4,C
5828827,-5,C
5828828,-12,X
5828828,-10,X
5828828,-9,X
5828828,-8,0
5828828,-7,0
5828828,-11,0
5828828,-5,1
5828828,-4,C
5828828,-3,C
5828828,-2,C
5828828,-1,C
5828828,0,C
5828828,-6,0
5828829,-4,0
5828829,-2,0
5828829,0,X
5828829,-3,0
5828829,-1,0
5828830,-6,0
5828830,-5,0
5828830,-4,0
5828830,-3,0
5828830,-2,0
5828830,-1,0
5828830,0,X
5828831,-13,0
5828831,-17,0
5828831,-16,0
5828831,-15,0
5828831,-14,0
5828831,-12,0
5828831,-11,0
5828831,-9,C
5828831,-10,C
5828831,-7,C
5828831,-6,C
5828831,-5,C
5828831,-4,C
5828831,-3,C
5828831,-2,C
5828831,-1,C
5828831,0,C
5828831,-8,C
5828832,-27,C
5828832,-29,C
5828832,-28,C
5828832,-26,C
5828832,-13,C
5828832,-24,C
5828832,-23,C
5828832,-30,0
5828832,-25,C
5828832,-31,0
5828832,-40,0
5828832,-33,0
5828832,-34,0
5828832,-35,0
5828832,-36,0
5828832,-37,0
5828832,-38,0
5828832,-39,0
5828832,-22,C
5828832,-41,0
5828832,-32,0
5828832,-21,C
5828832,-12,C
5828832,-19,C
5828832,0,C
5828832,-1,C
5828832,-2,C
5828832,-3,C
5828832,-4,C
5828832,-5,C
5828832,-6,C
5828832,-7,C
5828832,-8,C
5828832,-9,C
5828832,-10,C
5828832,-11,C
5828832,-42,0
5828832,-44,0
5828832,-14,C
5828832,-15,C
5828832,-16,C
5828832,-17,C
5828832,-18,C
5828832,-20,C
5828832,-43,0
5832095,-1,0
5832095,0,0
5832095,-9,0
5832095,-15,0
5832095,-16,X
5832095,-14,0
5832095,-13,0
5832095,-12,0
5832095,-11,0
5832095,-8,0
5832095,-7,0
5832095,-10,0
5832095,-5,0
5832095,-4,0
5832095,-3,0
5832095,-2,0
5832095,-6,0
5832096,-6,0
5832096,-10,0
5832096,-9,0
5832096,-11,0
5832096,-8,0
5832096,-7,0
5832096,-5,0
5832096,0,0
5832096,-3,0
5832096,-2,0
5832096,-1,0
5832096,-14,0
5832096,-12,0
5832096,-15,0
5832096,-16,X
5832096,-4,0
5832096,-13,0
5837511,-52,C
5837511,-64,0
5837511,-65,0
5837511,-51,C
5837511,-24,C
5837511,-59,C
5837511,-26,C
5837511,-44,C
5837511,-45,C
5837511,-46,C
5837511,-47,C
5837511,-48,C
5837511,-49,C
5837511,-63,0
5837511,-62,0
5837511,-61,0
5837511,-60,C
5837511,-50,C
5837511,-58,C
5837511,-57,C
5837511,-56,C
5837511,-55,C
5837511,-54,C
5837511,-53,C
5837511,-25,C
5837511,-42,C
5837511,-43,C
5837511,-40,C
5837511,-27,C
5837511,-28,C
5837511,-41,C
5837511,-30,C
5837511,-31,C
5837511,-32,C
5837511,-29,C
5837511,-34,C
5837511,-35,C
5837511,-36,C
5837511,-37,C
5837511,-38,C
5837511,-39,C
5837511,-33,C
5837512,-47,C
5837512,-46,C
5837512,-45,C
5837512,-43,C
5837512,-42,C
5837512,-39,C
5837512,-40,C
5837512,-41,C
5837512,-44,C
5837512,-38,C
5837512,-49,0
5837512,-18,C
5837512,-17,C
5837512,-16,C
5837512,-15,C
5837512,-14,C
5837512,-13,C
5837512,-12,C
5837512,-11,C
5837512,-19,C
5837512,-10,C
5837512,-8,C
5837512,-7,C
5837512,-6,C
5837512,-5,C
5837512,-4,C
5837512,-3,C
5837512,-2,C
5837512,-1,C
5837512,-9,C
5837512,0,C
5837512,-20,C
5837512,-22,C
5837512,-50,0
5837512,-51,0
5837512,-37,C
5837512,-36,C
5837512,-48,C
5837512,-35,C
5837512,-34,C
5837512,-33,C
5837512,-21,C
5837512,-32,C
5837512,-30,C
5837512,-29,C
5837512,-28,C
5837512,-27,C
5837512,-26,C
5837512,-25,C
5837512,-24,C
5837512,-23,C
5837512,-31,C
5837513,-40,0
5837513,-41,0
5837513,-17,C
5837513,-16,C
5837513,-15,C
5837513,-14,C
5837513,-13,C
5837513,-12,C
5837513,-11,C
5837513,-10,C
5837513,-9,C
5837513,-8,C
5837513,-7,C
5837513,-6,C
5837513,-5,C
5837513,-4,C
5837513,-3,C
5837513,-2,C
5837513,-1,C
5837513,0,C
5837513,-39,0
5837513,-18,C
5837513,-19,C
5837513,-20,C
5837513,-38,0
5837513,-37,0
5837513,-36,0
5837513,-35,C
5837513,-34,C
5837513,-33,C
5837513,-32,C
5837513,-31,C
5837513,-30,C
5837513,-28,C
5837513,-27,C
5837513,-26,C
5837513,-25,C
5837513,-24,C
5837513,-23,C
5837513,-22,C
5837513,-21,C
5837513,-29,C
5837514,-47,C
5837514,-48,C
5837514,-46,C
5837514,-50,0
5837514,-49,0
5837514,-45,C
5837514,-51,0
5837514,-43,C
5837514,-19,C
5837514,-21,C
5837514,-22,C
5837514,-23,C
5837514,-24,C
5837514,-25,C
5837514,-26,C
5837514,-27,C
5837514,-28,C
5837514,-29,C
5837514,-30,C
5837514,-31,C
5837514,-32,C
5837514,-33,C
5837514,-34,C
5837514,-35,C
5837514,-36,C
5837514,-37,C
5837514,-38,C
5837514,-18,C
5837514,-17,C
5837514,-20,C
5837514,-15,C
5837514,-42,C
5837514,-41,C
5837514,-40,C
5837514,-39,C
5837514,0,C
5837514,-1,C
5837514,-2,C
5837514,-16,C
5837514,-4,C
5837514,-5,C
5837514,-3,C
5837514,-7,C
5837514,-8,C
5837514,-9,C
5837514,-10,C
5837514,-11,C
5837514,-12,C
5837514,-13,C
5837514,-14,C
5837514,-6,C
5837514,-44,C
5837515,-46,C
5837515,-51,0
5837515,-50,0
5837515,-49,0
5837515,-48,C
5837515,-47,C
5837515,-44,C
5837515,-43,C
5837515,-18,C
5837515,-17,C
5837515,-16,C
5837515,-15,C
5837515,-14,C
5837515,-13,C
5837515,-12,C
5837515,-11,C
5837515,-10,C
5837515,-9,C
5837515,-8,C
5837515,-7,C
5837515,-6,C
5837515,-5,C
5837515,-4,C
5837515,-3,C
5837515,-2,C
5837515,-1,C
5837515,0,C
5837515,-45,C
5837515,-20,C
5837515,-19,C
5837515,-22,C
5837515,-42,C
5837515,-41,C
5837515,-40,C
5837515,-39,C
5837515,-38,C
5837515,-37,C
5837515,-36,C
5837515,-21,C
5837515,-34,C
5837515,-33,C
5837515,-35,C
5837515,-31,C
5837515,-30,C
5837515,-29,C
5837515,-28,C
5837515,-27,C
5837515,-26,C
5837515,-25,C
5837515,-24,C
5837515,-23,C
5837515,-32,C
5837516,-45,C
5837516,-48,0
5837516,-47,0
5837516,-46,0
5837516,-44,C
5837516,-2,C
5837516,-42,C
5837516,-20,C
5837516,-21,C
5837516,-22,C
5837516,-23,C
5837516,-24,C
5837516,-25,C
5837516,-19,C
5837516,-26,C
5837516,-28,C
5837516,-29,C
5837516,-30,C
5837516,-31,C
5837516,-32,C
5837516,-33,C
5837516,-27,C
5837516,-18,C
5837516,-43,C
5837516,-16,C
5837516,0,C
5837516,-1,C
5837516,-3,C
5837516,-4,C
5837516,-5,C
5837516,-6,C
5837516,-7,C
5837516,-8,C
5837516,-9,C
5837516,-10,C
5837516,-11,C
5837516,-12,C
5837516,-13,C
5837516,-14,C
5837516,-15,C
5837516,-34,C
5837516,-35,C
5837516,-17,C
5837516,-37,C
5837516,-39,C
5837516,-40,C
5837516,-36,C
5837516,-38,C
5837516,-41,C
5837517,-77,0
5837517,-50,C
5837517,-51,C
5837517,-52,C
5837517,-53,C
5837517,-54,C
5837517,-55,C
5837517,-56,C
5837517,-57,C
5837517,-58,C
5837517,-59,C
5837517,-60,C
5837517,-61,C
5837517,-62,C
5837517,-63,C
5837517,-13,C
5837517,-65,C
5837517,-66,C
5837517,-67,C
5837517,-68,C
5837517,-69,C
5837517,-70,C
5837517,-71,C
5837517,-72,C
5837517,-73,C
5837517,-74,C
5837517,-75,C
5837517,-76,0
5837517,-78,0
5837517,-64,C
5837517,-15,C
5837517,-16,C
5837517,-29,C
5837517,-30,C
5837517,-31,C
5837517,-32,C
5837517,-33,C
5837517,-34,C
5837517,-28,C
5837517,-35,C
5837517,-37,C
5837517,-38,C
5837517,-39,C
5837517,-40,C
5837517,-41,C
5837517,-42,C
5837517,-36,C
5837517,-14,C
5837517,-27,C
5837517,-25,C
5837517,-17,C
5837517,-18,C
5837517,-19,C
5837517,-20,C
5837517,-21,C
5837517,-49,C
5837517,-26,C
5837517,-48,C
5837517,-46,C
5837517,-45,C
5837517,-44,C
5837517,-43,C
5837517,-23,C
5837517,-24,C
5837517,-47,C
5837517,-22,C
5892290,-16,X
5892290,-17,1
5892290,-18,0
5892290,-19,1
5892290,-20,0
5892291,-12,X
5892291,-13,1
5892291,-14,0
5892291,-15,1
5892291,-16,0
5896630,-16,C
5896630,-17,C
5896630,-18,C
5896630,-19,0
5896630,-20,X
5896630,-21,X
5896630,-22,0
5896630,-27,X
5896630,-24,X
5896630,-25,X
5896630,-26,X
5896630,-15,C
5896630,-28,X
5896630,-23,0
5896630,-14,C
5896630,-11,C
5896630,-12,C
5896630,0,C
5896630,-1,C
5896630,-2,C
5896630,-3,C
5896630,-13,C
5896630,-5,C
5896630,-4,C
5896630,-7,C
5896630,-8,C
5896630,-9,C
5896630,-10,C
5896630,-6,C
5896631,-21,C
5896631,-17,C
5896631,-18,C
5896631,-19,C
5896631,-20,C
5896631,-23,C
5896631,-22,C
5896631,-25,C
5896631,-26,C
5896631,-27,C
5896631,-28,C
5896631,-29,0
5896631,-16,C
5896631,-24,C
5896631,-14,C
5896631,-15,C
5896631,0,C
5896631,-13,C
5896631,-1,C
5896631,-2,C
5896631,-3,C
5896631,-4,C
5896631,-6,C
5896631,-5,C
5896631,-7,C
5896631,-8,C
5896631,-9,C
5896631,-10,C
5896631,-11,C
5896631,-12,C
5896632,-20,X
5896632,-17,C
5896632,-18,X
5896632,-19,X
5896632,-16,C
5896632,-21,0
5896632,-12,C
5896632,-23,X
5896632,-24,X
5896632,-25,0
5896632,-26,X
5896632,-27,X
5896632,-28,X
5896632,-22,X
5896632,-15,C
5896632,-8,C
5896632,-13,C
5896632,0,C
5896632,-1,C
5896632,-2,C
5896632,-3,C
5896632,-14,C
5896632,-5,C
5896632,-4,C
5896632,-7,C
5896632,-9,C
5896632,-10,C
5896632,-11,C
5896632,-6,C
5896633,-34,C
5896633,-37,C
5896633,-36,C
5896633,-35,C
5896633,-33,C
5896633,-38,C
5896633,-31,C
5896633,-30,C
5896633,-29,C
5896633,-28,C
5896633,-32,C
5896633,-39,C
5896633,-46,0
5896633,-41,C
5896633,-42,C
5896633,-43,C
5896633,-44,X
5896633,-45,X
5896633,-47,X
5896633,-48,X
5896633,-49,X
5896633,-50,X
5896633,-51,X
5896633,-27,C
5896633,-40,C
5896633,-26,C
5896633,-1,C
5896633,-24,C
5896633,-25,C
5896633,0,C
5896633,-2,C
5896633,-3,C
5896633,-4,C
5896633,-5,C
5896633,-6,C
5896633,-7,C
5896633,-9,C
5896633,-10,C
5896633,-11,C
5896633,-8,C
5896633,-13,C
5896633,-23,C
5896633,-22,C
5896633,-12,C
5896633,-20,C
5896633,-19,C
5896633,-21,C
5896633,-17,C
5896633,-16,C
5896633,-15,C
5896633,-14,C
5896633,-18,C
5896634,-18,0
5896634,-10,0
5896634,-17,X
5896634,-16,0
5896634,-15,0
5896634,-14,X
5896634,-13,0
5896634,-12,X
5896634,-9,X
5896634,-11,0
5896634,-7,0
5896634,-6,X
5896634,-5,0
5896634,-4,0
5896634,-3,0
5896634,-2,0
5896634,-1,0
5896634,0,1
5896634,-8,X
5896635,0,0
5896635,-1,X
5896636,-10,0
5896636,-9,0
5896636,-7,0
5896636,-6,0
5896636,-5,0
5896636,-8,0
5896636,-3,0
5896636,-2,0
5896636,-1,0
5896636,0,0
5896636,-4,0
5922077,-23,X
5922077,-24,X
5922077,-25,X
5922077,-26,X
5922077,-27,X
5922077,-28,X
5922077,-29,X
5922077,-30,X
5922077,-33,X
5922077,-32,X
5922077,-34,X
5922077,-35,X
5922077,-36,X
5922077,-37,X
5922077,-38,X
5922077,-22,X
5922077,-39,X
5922077,-31,X
5922077,-21,X
5922077,0,X
5922077,-19,X
5922077,-20,X
5922077,-2,X
5922077,-3,X
5922077,-4,X
5922077,-5,X
5922077,-6,X
5922077,-7,X
5922077,-8,X
5922077,-9,X
5922077,-1,X
5922077,-11,X
5922077,-12,X
5922077,-13,X
5922077,-14,X
5922077,-15,X
5922077,-16,X
5922077,-17,X
5922077,-10,X
5922077,-18,X
5922081,-47,0
5922081,-46,0
5922081,-45,0
5922081,-44,0
5922081,-43,0
5922081,-42,0
5922081,-39,C
5922081,-40,C
5922081,-48,0
5922081,-38,C
5922081,-37,C
5922081,-36,C
5922081,-41,0
5922081,-49,0
5922081,-53,0
5922081,-51,0
5922081,-67,0
5922081,-66,1
5922081,-65,1
5922081,-64,0
5922081,-63,0
5922081,-62,0
5922081,-61,0
5922081,-60,0
5922081,-59,0
5922081,-58,0
5922081,-57,0
5922081,-56,0
5922081,-54,0
5922081,-35,C
5922081,-52,0
5922081,-50,0
5922081,-34,C
5922081,-30,C
5922081,-32,C
5922081,-68,0
5922081,0,C
5922081,-1,C
5922081,-2,C
5922081,-3,C
5922081,-4,C
5922081,-5,C
5922081,-6,C
5922081,-7,C
5922081,-8,C
5922081,-9,C
5922081,-10,C
5922081,-11,C
5922081,-12,C
5922081,-13,C
5922081,-14,C
5922081,-15,C
5922081,-31,C
5922081,-29,C
5922081,-28,C
5922081,-27,C
5922081,-26,C
5922081,-25,C
5922081,-33,C
5922081,-23,C
5922081,-21,C
5922081,-20,C
5922081,-19,C
5922081,-18,C
5922081,-17,C
5922081,-16,C
5922081,-22,C
5922081,-24,C
5922081,-55,0
5922082,-33,0
5922082,-39,0
5922082,-38,0
5922082,-37,0
5922082,-27,0
5922082,-28,0
5922082,-29,0
5922082,-30,0
5922082,-31,0
5922082,-32,0
5922082,-34,0
5922082,-35,0
5922082,-40,0
5922082,-25,0
5922082,-23,1
5922082,-22,0
5922082,-21,0
5922082,-36,0
5922082,-20,0
5922082,-19,0
5922082,-18,1
5922082,-17,C
5922082,-16,C
5922082,-15,C
5922082,-14,C
5922082,-24,0
5922082,-41,0
5922082,-26,0
5922082,-43,0
5922082,0,C
5922082,-1,C
5922082,-2,C
5922082,-3,C
5922082,-4,C
5922082,-5,C
5922082,-6,C
5922082,-7,C
5922082,-42,0
5922082,-9,C
5922082,-10,C
5922082,-11,C
5922082,-12,C
5922082,-8,C
5922082,-54,X
5922082,-44,0
5922082,-13,C
5922082,-46,0
5922082,-47,0
5922082,-48,0
5922082,-45,0
5922082,-50,0
5922082,-51,0
5922082,-52,0
5922082,-53,0
5922082,-49,0
5922083,-48,0
5922083,-38,C
5922083,-46,0
5922083,-45,0
5922083,-44,1
5922083,-42,C
5922083,-41,C
5922083,-40,C
5922083,-39,C
5922083,-49,1
5922083,-43,C
5922083,-50,1
5922083,-47,0
5922083,-52,0
5922083,-53,0
5922083,-54,0
5922083,-55,0
5922083,-56,0
5922083,-57,0
5922083,-58,0
5922083,-59,0
5922083,-60,0
5922083,-61,0
5922083,-62,0
5922083,-37,C
5922083,-51,0
5922083,-36,C
5922083,-27,C
5922083,-34,C
5922083,-12,C
5922083,-11,C
5922083,-10,C
5922083,-9,C
5922083,-8,C
5922083,-7,C
5922083,-6,C
5922083,-13,C
5922083,-5,C
5922083,-3,C
5922083,-35,C
5922083,-1,C
5922083,0,C
5922083,-65,0
5922083,-64,0
5922083,-63,0
5922083,-4,C
5922083,-14,C
5922083,-2,C
5922083,-16,C
5922083,-32,C
5922083,-31,C
5922083,-30,C
5922083,-29,C
5922083,-28,C
5922083,-26,C
5922083,-33,C
5922083,-25,C
5922083,-23,C
5922083,-22,C
5922083,-21,C
5922083,-20,C
5922083,-19,C
5922083,-18,C
5922083,-17,C
5922083,-24,C
5922083,-15,C
5943236,-2,X
5943236,-5,0
5943236,-3,X
5943236,-4,X
5943236,-1,X
5943236,-6,X
5943236,0,X
6102747,-38,X
6102747,-37,0
6102748,-86,X
6102748,-85,0
6113835,-33,X
6113835,-34,X
6113835,-31,0
6113835,-32,0
6113835,-21,1
6113835,-27,1
6113835,-26,X
6113835,-25,1
6113835,-24,1
6113835,-23,0
6113835,-22,1
6113835,-20,C
6113835,-19,C
6113835,-30,0
6113835,-28,1
6113835,-29,0
6158903,-25,1
6158903,-24,1
6158903,-33,X
6158903,-26,X
6158903,-27,1
6158903,-28,1
6158903,-29,0
6158903,-30,0
6158903,-31,0
6158903,-32,0
6158903,-34,X
6158903,-23,0
6158903,-22,1
6158903,-21,1
6158903,-20,C
6158903,-19,C
6158904,-15,C
6158904,-35,0
6158904,-36,X
6158904,-17,0
6158904,-16,C
6158904,-19,0
6158904,-34,0
6158904,-33,0
6158904,-32,0
6158904,-31,0
6158904,-30,0
6158904,-29,0
6158904,-28,0
6158904,-18,0
6158904,-27,0
6158904,-25,0
6158904,-24,0
6158904,-23,0
6158904,-22,0
6158904,-21,0
6158904,-20,1
6158904,-26,0
6158905,-14,0
6158905,-15,0
6158905,-13,0
6158905,-10,C
6158905,-11,C
6158905,-12,C
6158905,-9,C
6158905,-8,C
6158905,-7,C
6158905,-6,C
6158905,0,C
6158905,-4,C
6158905,-3,C
6158905,-2,C
6158905,-1,C
6158905,-5,C
6158906,-45,0
6158906,-38,1
6158906,-36,0
6158906,-35,1
6158906,-34,1
6158906,-33,C
6158906,-32,C
6158906,-47,X
6158906,-46,X
6158906,-39,X
6158906,-37,1
6158906,-40,1
6158906,-41,1
6158906,-42,0
6158906,-43,0
6158906,-44,0
6158907,-22,C
6158907,-34,0
6158907,-33,0
6158907,-32,0
6158907,-31,0
6158907,-30,1
6158907,-27,1
6158907,-28,X
6158907,-35,X
6158907,-26,1
6158907,-25,0
6158907,-24,1
6158907,-29,1
6158907,-36,X
6158907,-23,1
6158907,-21,C
6158908,-19,1
6158908,-21,0
6158908,-18,0
6158908,-20,1
6158909,0,0
6158909,-1,0
6158909,-2,X
6158909,-3,X
6190672,-36,0
6190672,-37,0
6190672,-38,0
6190672,-39,0
6190672,-40,0
6190672,-41,0
6190672,-42,0
6190672,-25,C
6190672,-35,0
6190672,-11,C
6190672,-12,C
6190672,-13,C
6190672,-14,C
6190672,-15,C
6190672,-16,C
6190672,-10,C
6190672,-17,C
6190672,-19,C
6190672,-20,C
6190672,-21,C
6190672,-22,C
6190672,-23,C
6190672,-24,C
6190672,-18,C
6190672,-26,C
6190672,-9,C
6190672,-7,C
6190672,-34,0
6190672,-33,C
6190672,-32,C
6190672,-31,C
6190672,-30,C
6190672,-29,C
6190672,-8,C
6190672,-28,C
6190672,-27,C
6190672,-2,C
6190672,-3,C
6190672,-4,C
6190672,-5,C
6190672,-6,C
6190672,0,C
6190672,-1,C
6190673,-5,C
6190673,-32,0
6190673,-4,C
6190673,-3,C
6190673,-2,C
6190673,-1,C
6190673,0,C
6190673,-7,C
6190673,-8,C
6190673,-9,C
6190673,-10,0
6190673,-11,0
6190673,-12,0
6190673,-13,0
6190673,-14,0
6190673,-15,0
6190673,-33,0
6190673,-16,0
6190673,-18,0
6190673,-19,0
6190673,-20,0
6190673,-21,0
6190673,-22,0
6190673,-23,0
6190673,-24,0
6190673,-25,0
6190673,-26,0
6190673,-27,0
6190673,-28,0
6190673,-29,0
6190673,-30,0
6190673,-31,0
6190673,-6,C
6190673,-17,0
6190674,-46,C
6190674,-1,C
6190674,-40,C
6190674,-39,C
6190674,-38,C
6190674,-37,C
6190674,-36,C
6190674,-35,C
6190674,-34,C
6190674,-33,C
6190674,-32,C
6190674,-31,C
6190674,-41,C
6190674,-30,C
6190674,-28,C
6190674,-27,C
6190674,-26,C
6190674,-25,C
6190674,-24,C
6190674,-23,C
6190674,-22,C
6190674,-21,C
6190674,-20,C
6190674,-19,C
6190674,-29,C
6190674,-42,C
6190674,-43,C
6190674,-44,C
6190674,-68,0
6190674,0,C
6190674,-66,1
6190674,-65,1
6190674,-64,0
6190674,-63,0
6190674,-62,0
6190674,-61,0
6190674,-60,0
6190674,-59,0
6190674,-58,C
6190674,-57,C
6190674,-56,C
6190674,-55,C
6190674,-54,C
6190674,-53,C
6190674,-52,C
6190674,-51,C
6190674,-50,C
6190674,-49,C
6190674,-48,C
6190674,-47,C
6190674,-45,C
6190674,-18,C
6190674,-17,C
6190674,-67,1
6190674,-15,C
6190674,-16,C
6190674,-4,C
6190674,-2,C
6190674,-5,C
6190674,-6,C
6190674,-7,C
6190674,-3,C
6190674,-9,C
6190674,-10,C
6190674,-11,C
6190674,-12,C
6190674,-13,C
6190674,-14,C
6190674,-8,C
6221641,-19,1
6221641,-20,0
6221641,-21,0
6221641,-22,0
6221641,-26,0
6221641,-24,0
6221641,-25,0
6221641,-27,0
6221641,-18,C
6221641,-23,0
6221641,-17,C
6221641,-16,C
6221641,-5,C
6221641,0,C
6221641,-15,C
6221641,-3,C
6221641,-4,C
6221641,-1,C
6221641,-6,C
6221641,-7,C
6221641,-2,C
6221641,-9,C
6221641,-10,C
6221641,-11,C
6221641,-12,C
6221641,-13,C
6221641,-14,C
6221641,-8,C
6221642,-23,C
6221642,-24,C
6221642,-25,C
6221642,-26,C
6221642,-22,C
6221642,-32,0
6221642,-28,0
6221642,-29,0
6221642,-30,0
6221642,-31,0
6221642,-33,0
6221642,-27,C
6221642,-21,C
6221642,-7,C
6221642,-19,C
6221642,-20,C
6221642,-8,C
6221642,-9,C
6221642,-10,C
6221642,-12,C
6221642,-11,C
6221642,-14,C
6221642,-15,C
6221642,-16,C
6221642,-17,C
6221642,-18,C
6221642,-13,C
6221642,-6,C
6221643,-13,C
6221643,-16,C
6221643,-15,C
6221643,-14,C
6221643,-17,C
6221643,-11,C
6221643,-10,C
6221643,-9,C
6221643,-8,C
6221643,-12,C
6221643,-18,C
6221643,-26,C
6221643,-20,C
6221643,-19,C
6221643,-49,0
6221643,-48,0
6221643,-47,0
6221643,-46,0
6221643,-45,0
6221643,-44,0
6221643,-43,0
6221643,-42,0
6221643,-41,1
6221643,-40,C
6221643,-39,C
6221643,-38,C
6221643,-37,C
6221643,-21,C
6221643,-35,C
6221643,-36,C
6221643,-23,C
6221643,-24,C
6221643,-25,C
6221643,-22,C
6221643,-28,C
6221643,-27,C
6221643,-30,C
6221643,-31,C
6221643,-32,C
6221643,-33,C
6221643,-34,C
6221643,-29,C
6221644,-27,C
6221644,-28,C
6221644,-29,C
6221644,-30,C
6221644,-31,C
6221644,-37,0
6221644,-33,0
6221644,-34,0
6221644,-35,0
6221644,-36,0
6221644,-38,0
6221644,-32,C
6221644,-26,C
6221644,-23,C
6221644,-24,C
6221644,-25,C
6221644,-12,C
6221644,-13,C
6221644,-14,C
6221644,-16,C
6221644,-11,C
6221644,-18,C
6221644,-17,C
6221644,-22,C
6221644,-15,C
6221644,-20,C
6221644,-19,C
6221644,-21,C
6221645,-10,0
6221645,0,0
6221645,-1,0
6221645,-3,0
6221645,-4,0
6221645,-5,0
6221645,-6,0
6221645,-7,0
6221645,-8,0
6221645,-2,0
6221645,-11,0
6221645,-12,0
6221645,-13,0
6221645,-14,0
6221645,-15,0
6221645,-9,0
6221646,-18,X
6221646,-17,X
6221646,-16,0
6221646,-15,X
6221646,-14,2
6221646,-13,0
6221646,-12,0
6221646,-11,0
6221646,-10,0
6221646,-9,0
6221646,-8,0
6221646,-7,0
6221646,-6,0
6221646,-5,X
6221646,-4,0
6221646,-3,X
6221646,-2,0
6221646,-1,0
6221646,0,0
6221647,-11,0
6221647,-10,0
6221647,-8,0
6221647,-7,0
6221647,-6,0
6221647,-9,0
6221647,-4,0
6221647,-3,0
6221647,-2,0
6221647,-1,0
6221647,0,0
6221647,-5,0
6221648,-5,0
6221648,-4,0
6221648,-3,0
6221648,-2,0
6221648,0,0
6221648,-1,0
6221649,-7,0
6221649,-11,0
6221649,-10,0
6221649,-9,0
6221649,-8,0
6221649,-6,0
6221649,-1,0
6221649,-4,0
6221649,-3,0
6221649,-2,0
6221649,0,0
6221649,-5,0
6221650,-15,X
6221650,-14,X
6221650,-16,X
6221650,-17,X
6221650,-18,0
6221650,-21,0
6221650,-20,0
6221650,-22,0
6221650,-23,0
6221650,-24,X
6221650,-25,X
6221650,-19,0
6221650,-13,X
6221650,-9,0
6221650,-11,X
6221650,0,0
6221650,-12,0
6221650,-2,0
6221650,-3,0
6221650,-4,0
6221650,-1,X
6221650,-6,0
6221650,-7,0
6221650,-8,0
6221650,-10,0
6221650,-5,0
6287193,-11,0
6287193,-17,0
6287193,-16,X
6287193,-15,0
6287193,-14,0
6287193,-13,0
6287193,-12,0
6287193,-10,X
6287193,0,C
6287193,-9,0
6287193,-8,0
6287193,-7,C
6287193,-6,C
6287193,-5,C
6287193,-4,C
6287193,-3,C
6287193,-2,C
6287193,-1,C
6287194,-17,C
6287194,-18,C
6287194,-19,C
6287194,-20,C
6287194,-21,C
6287194,-25,C
6287194,-23,C
6287194,-24,C
6287194,-16,C
6287194,-26,C
6287194,-27,C
6287194,-28,C
6287194,-22,C
6287194,-15,C
6287194,-11,C
6287194,-13,C
6287194,-12,C
6287194,-10,C
6287194,-9,C
6287194,-8,C
6287194,-7,C
6287194,-6,C
6287194,-29,C
6287194,-5,C
6287194,-4,C
6287194,-2,C
6287194,-1,C
6287194,0,C
6287194,-14,C
6287194,-30,C
6287194,-78,X
6287194,-32,C
6287194,-58,X
6287194,-59,X
6287194,-60,X
6287194,-61,X
6287194,-62,X
6287194,-63,X
6287194,-64,X
6287194,-65,X
6287194,-66,X
6287194,-57,X
6287194,-67,X
6287194,-69,X
6287194,-71,X
6287194,-72,X
6287194,-73,X
6287194,-74,X
6287194,-75,X
6287194,-76,X
6287194,-77,X
6287194,-79,X
6287194,-68,X
6287194,-56,X
6287194,-55,X
6287194,-54,X
6287194,-33,C
6287194,-34,C
6287194,-35,C
6287194,-36,C
6287194,-37,C
6287194,-38,C
6287194,-39,X
6287194,-40,X
6287194,-41,X
6287194,-42,X
6287194,-43,X
6287194,-44,X
6287194,-45,X
6287194,-46,X
6287194,-47,X
6287194,-48,X
6287194,-49,X
6287194,-50,X
6287194,-51,X
6287194,-52,X
6287194,-53,X
6287194,-31,C
6287194,-70,X
6287194,-3,C
6287195,-12,C
6287195,-53,X
6287195,-52,0
6287195,-51,X
6287195,-50,0
6287195,-49,0
6287195,-48,0
6287195,-54,X
6287195,-47,0
6287195,-45,X
6287195,-44,X
6287195,-43,0
6287195,-42,0
6287195,-41,X
6287195,-40,X
6287195,-46,X
6287195,-39,X
6287195,-55,X
6287195,-57,X
6287195,-71,X
6287195,-70,X
6287195,-69,X
6287195,-68,X
6287195,-67,X
6287195,-66,X
6287195,-56,X
6287195,-65,X
6287195,-63,X
6287195,-62,X
6287195,-61,X
6287195,-60,X
6287195,-59,X
6287195,-58,X
6287195,-64,X
6287195,-38,C
6287195,-37,C
6287195,-36,C
6287195,-7,C
6287195,-8,C
6287195,-9,C
6287195,-10,C
6287195,-11,C
6287195,-23,C
6287195,-6,C
6287195,-13,C
6287195,-15,C
6287195,-16,C
6287195,-17,C
6287195,-18,C
6287195,-19,C
6287195,-20,C
6287195,-14,C
6287195,-5,C
6287195,-4,C
6287195,-3,C
6287195,-35,C
6287195,-34,C
6287195,-33,C
6287195,-32,C
6287195,-31,C
6287195,-30,C
6287195,-29,C
6287195,-28,C
6287195,-27,C
6287195,-26,C
6287195,-25,C
6287195,-24,C
6287195,0,C
6287195,-1,C
6287195,-2,C
6287195,-72,X
6287195,-21,C
6287195,-73,X
6287195,-75,X
6287195,-74,X
6287195,-79,X
6287195,-22,C
6287195,-77,X
6287195,-76,X
6287195,-78,X
6287196,0,X
6287196,-1,X
6287196,-2,0
6287196,-3,0
6287196,-4,0
6287196,-5,0
6287196,-6,X
6287196,-7,0
6287196,-8,X
6287196,-9,X
6287197,0,0
6287197,-1,0
6287197,-2,X
6287198,-11,X
6287198,-16,0
6287198,-15,X
6287198,-14,X
6287198,-13,0
6287198,-12,0
6287198,-10,0
6287198,-17,0
6287198,-8,0
6287198,-7,X
6287198,-6,0
6287198,-5,0
6287198,-4,0
6287198,-3,0
6287198,-2,0
6287198,-1,0
6287198,-9,X
6287198,0,0
6287199,-11,0
6287199,-10,0
6287199,-9,1
6287199,-8,0
6287199,-7,0
6287199,-1,0
6287199,-5,0
6287199,-4,0
6287199,-3,0
6287199,-2,0
6287199,0,0
6287199,-6,1
6287200,-21,0
6287200,-20,0
6287200,-19,X
6287200,-18,0
6287200,-17,0
6287200,-16,0
6287200,-15,X
6287200,-14,X
6287200,-13,0
6287200,-12,0
6287200,-9,X
6287200,-10,0
6287200,-8,0
6287200,-7,X
6287200,-6,0
6287200,-5,0
6287200,-4,0
6287200,-3,0
6287200,-2,0
6287200,0,X
6287200,-11,X
6287200,-1,0
6287200,-23,X
6287200,-32,X
6287200,-28,0
6287200,-29,X
6287200,-30,X
6287200,-31,X
6287200,-25,X
6287200,-33,X
6287200,-34,X
6287200,-35,X
6287200,-36,X
6287200,-37,X
6287200,-38,X
6287200,-22,1
6287200,-24,0
6287200,-27,X
6287200,-26,0
6287201,-30,0
6287201,-29,X
6287201,-28,X
6287201,-27,X
6287201,-26,X
6287201,-25,X
6287201,-24,X
6287201,-23,X
6287201,-9,X
6287201,-31,0
6287201,-32,0
6287201,-33,0
6287201,-34,X
6287201,-35,0
6287201,-36,0
6287201,-37,X
6287201,-38,0
6287201,-22,X
6287201,-21,X
6287201,-16,X
6287201,-19,X
6287201,-8,X
6287201,-7,X
6287201,-6,X
6287201,-5,X
6287201,-4,X
6287201,-20,X
6287201,-2,X
6287201,-1,X
6287201,-3,X
6287201,-11,X
6287201,-12,X
6287201,-13,X
6287201,-14,X
6287201,-15,X
6287201,-17,X
6287201,-18,X
6287201,0,X
6287201,-10,X
6287202,-6,C
6287202,0,C
6287202,-1,C
6287202,-2,C
6287202,-3,C
6287202,-4,C
6287202,-5,C
6287202,-68,X
6287202,-9,C
6287202,-42,C
6287202,-43,C
6287202,-44,C
6287202,-45,C
6287202,-46,C
6287202,-47,C
6287202,-48,C
6287202,-49,C
6287202,-50,C
6287202,-51,C
6287202,-52,C
6287202,-53,1
6287202,-41,C
6287202,-54,0
6287202,-56,0
6287202,-57,0
6287202,-58,0
6287202,-59,0
6287202,-60,X
6287202,-61,0
6287202,-62,0
6287202,-63,X
6287202,-64,0
6287202,-65,0
6287202,-66,0
6287202,-67,0
6287202,-55,1
6287202,-40,C
6287202,-39,C
6287202,-38,C
6287202,-10,C
6287202,-11,C
6287202,-12,C
6287202,-13,C
6287202,-14,C
6287202,-15,C
6287202,-16,C
6287202,-17,C
6287202,-18,C
6287202,-19,C
6287202,-20,C
6287202,-21,C
6287202,-22,C
6287202,-23,C
6287202,-24,C
6287202,-26,C
6287202,-27,C
6287202,-28,C
6287202,-29,C
6287202,-30,C
6287202,-31,C
6287202,-32,C
6287202,-33,C
6287202,-34,C
6287202,-35,C
6287202,-36,C
6287202,-37,C
6287202,-8,C
6287202,-7,C
6287202,-25,C
6287203,-29,C
6287203,0,C
6287203,-1,C
6287203,-2,C
6287203,-3,C
6287203,-4,C
6287203,-5,C
6287203,-6,C
6287203,-7,C
6287203,-8,C
6287203,-9,C
6287203,-10,C
6287203,-11,C
6287203,-28,C
6287203,-12,C
6287203,-14,C
6287203,-15,C
6287203,-16,C
6287203,-17,C
6287203,-18,C
6287203,-19,C
6287203,-20,C
6287203,-21,C
6287203,-22,C
6287203,-23,C
6287203,-24,C
6287203,-25,C
6287203,-13,C
6287203,-26,C
6287203,-27,C
6287203,-49,C
6287203,-57,0
6287203,-58,X
6287203,-55,0
6287203,-54,0
6287203,-53,0
6287203,-52,C
6287203,-51,C
6287203,-50,C
6287203,-48,C
6287203,-47,C
6287203,-46,C
6287203,-44,C
6287203,-43,C
6287203,-45,C
6287203,-41,C
6287203,-30,C
6287203,-31,C
6287203,-32,C
6287203,-33,C
6287203,-34,C
6287203,-42,C
6287203,-35,C
6287203,-37,C
6287203,-38,C
6287203,-39,C
6287203,-40,C
6287203,-36,C
6287203,-56,0
6287204,-43,0
6287204,-47,0
6287204,-45,0
6287204,-46,0
6287204,0,X
6287204,-49,0
6287204,-50,1
6287204,-51,1
6287204,-52,X
6287204,-42,1
6287204,-48,0
6287204,-41,1
6287204,-44,0
6287204,-39,1
6287204,-11,X
6287204,-12,X
6287204,-13,X
6287204,-14,X
6287204,-15,X
6287204,-16,X
6287204,-17,X
6287204,-18,X
6287204,-19,X
6287204,-20,X
6287204,-21,X
6287204,-22,X
6287204,-23,X
6287204,-24,X
6287204,-25,X
6287204,-40,1
6287204,-26,X
6287204,-9,X
6287204,-8,X
6287204,-10,X
6287204,-6,X
6287204,-38,0
6287204,-37,0
6287204,-36,X
6287204,-35,X
6287204,-34,X
6287204,-33,X
6287204,-32,X
6287204,-7,X
6287204,-30,X
6287204,-31,X
6287204,-28,X
6287204,-1,X
6287204,-2,X
6287204,-3,X
6287204,-4,X
6287204,-5,X
6287204,-27,X
6287204,-29,X
6287205,-34,1
6287205,-37,0
6287205,-36,0
6287205,-35,0
6287205,-33,1
6287205,-26,1
6287205,-31,0
6287205,0,C
6287205,-1,C
6287205,-2,C
6287205,-3,C
6287205,-4,C
6287205,-6,C
6287205,-7,C
6287205,-8,C
6287205,-9,C
6287205,-10,C
6287205,-11,C
6287205,-12,C
6287205,-13,0
6287205,-14,0
6287205,-15,0
6287205,-16,0
6287205,-17,0
6287205,-18,0
6287205,-19,0
6287205,-20,1
6287205,-21,1
6287205,-22,0
6287205,-23,1
6287205,-24,1
6287205,-25,0
6287205,-27,0
6287205,-28,0
6287205,-29,1
6287205,-30,0
6287205,-32,0
6287205,-5,C
6291458,-63,0
6291458,-16,C
6291458,-29,C
6291458,-30,C
6291458,-31,C
6291458,-32,C
6291458,-33,C
6291458,-34,C
6291458,-35,C
6291458,-36,C
6291458,-37,C
6291458,-38,C
6291458,-39,C
6291458,-28,C
6291458,-40,C
6291458,-42,C
6291458,-43,C
6291458,-45,C
6291458,-46,C
6291458,-47,C
6291458,-48,C
6291458,-49,C
6291458,-50,C
6291458,-51,C
6291458,-52,C
6291458,-53,C
6291458,-41,C
6291458,-54,C
6291458,-27,C
6291458,-25,C
6291458,0,C
6291458,-1,C
6291458,-2,C
6291458,-3,C
6291458,-4,C
6291458,-5,C
6291458,-6,C
6291458,-7,C
6291458,-8,C
6291458,-9,C
6291458,-10,C
6291458,-26,C
6291458,-11,C
6291458,-13,C
6291458,-14,C
6291458,-15,C
6291458,-17,C
6291458,-18,C
6291458,-19,C
6291458,-20,C
6291458,-21,C
6291458,-22,C
6291458,-23,C
6291458,-24,C
6291458,-12,C
6291458,-55,C
6291458,-44,C
6291458,-57,C
6291458,-70,0
6291458,-69,2
6291458,-68,0
6291458,-67,0
6291458,-65,X
6291458,-66,0
6291458,-62,0
6291458,-61,0
6291458,-60,0
6291458,-59,0
6291458,-58,C
6291458,-64,0
6291458,-56,C
6348204,-4,X
6348204,-2,X
6348204,-3,X
6348204,-7,X
6348204,-6,X
6348204,-1,X
6348204,-5,X
6348204,-10,X
6348204,-9,X
6348204,-8,X
6348205,-73,0
6348205,-72,0
6348205,-71,0
6348205,-70,0
6348205,0,C
6348205,-1,C
6348205,-74,0
6348205,-69,0
6348205,-36,0
6348205,-2,C
6348205,-37,0
6348205,-38,0
6348205,-39,0
6348205,-40,0
6348205,-41,0
6348205,-42,0
6348205,-43,0
6348205,-44,0
6348205,-35,0
6348205,-3,C
6348205,-34,0
6348205,-5,C
6348205,-45,0
6348205,-33,0
6348205,-32,0
6348205,-31,0
6348205,-30,0
6348205,-29,0
6348205,-28,C
6348205,-27,C
6348205,-26,C
6348205,-25,C
6348205,-24,C
6348205,-23,C
6348205,-22,C
6348205,-21,C
6348205,-20,C
6348205,-19,C
6348205,-18,C
6348205,-17,C
6348205,-16,C
6348205,-15,C
6348205,-14,C
6348205,-13,C
6348205,-12,C
6348205,-11,C
6348205,-10,C
6348205,-9,C
6348205,-8,C
6348205,-7,C
6348205,-6,C
6348205,-4,C
6348205,-46,0
6348205,-68,0
6348205,-48,0
6348205,-66,0
6348205,-65,0
6348205,-64,0
6348205,-63,0
6348205,-62,0
6348205,-61,0
6348205,-60,0
6348205,-47,0
6348205,-75,0
6348205,-59,0
6348205,-67,0
6348205,-57,0
6348205,-56,0
6348205,-55,0
6348205,-54,0
6348205,-53,0
6348205,-58,0
6348205,-51,0
6348205,-50,0
6348205,-49,0
6348205,-52,0
6356879,-32,X
6356879,-31,X
6356879,-21,X
6356879,-29,X
6356879,-28,X
6356879,-27,X
6356879,-26,X
6356879,-25,X
6356879,-24,X
6356879,-23,X
6356879,-22,X
6356879,-30,X
6356879,-20,X
6356879,-18,X
6356879,0,X
6356879,-1,X
6356879,-2,X
6356879,-3,X
6356879,-4,X
6356879,-5,X
6356879,-6,X
6356879,-7,X
6356879,-8,X
6356879,-9,X
6356879,-10,X
6356879,-11,X
6356879,-12,X
6356879,-13,X
6356879,-15,X
6356879,-16,X
6356879,-17,X
6356879,-19,X
6356879,-14,X
6356880,-7,X
6356880,-39,X
6356880,-32,X
6356880,-34,X
6356880,-35,X
6356880,-36,X
6356880,-37,X
6356880,-38,X
6356880,-40,X
6356880,-41,X
6356880,-42,X
6356880,-43,X
6356880,-44,X
6356880,-45,X
6356880,-31,X
6356880,-46,X
6356880,-48,X
6356880,-49,X
6356880,-50,X
6356880,-51,X
6356880,-52,X
6356880,-53,X
6356880,-54,X
6356880,-55,X
6356880,-56,X
6356880,-57,X
6356880,-58,X
6356880,-59,X
6356880,-47,X
6356880,-30,X
6356880,-33,X
6356880,-28,X
6356880,-6,X
6356880,-5,X
6356880,-4,X
6356880,-3,X
6356880,-2,X
6356880,-1,X
6356880,0,X
6356880,-8,X
6356880,-9,X
6356880,-10,X
6356880,-11,X
6356880,-29,X
6356880,-13,X
6356880,-14,X
6356880,-12,X
6356880,-16,X
6356880,-27,X
6356880,-26,X
6356880,-15,X
6356880,-24,X
6356880,-23,X
6356880,-22,X
6356880,-25,X
6356880,-20,X
6356880,-19,X
6356880,-18,X
6356880,-17,X
6356880,-21,X
6356881,-36,C
6356881,-8,C
6356881,-14,C
6356881,-13,C
6356881,-12,C
6356881,-11,C
6356881,-10,C
6356881,-9,C
6356881,-16,C
6356881,-17,C
6356881,-6,C
6356881,-5,C
6356881,-4,C
6356881,-3,C
6356881,-2,C
6356881,-1,C
6356881,0,C
6356881,-37,C
6356881,-7,C
6356881,-38,C
6356881,-18,C
6356881,-40,C
6356881,-67,0
6356881,-66,0
6356881,-65,0
6356881,-64,0
6356881,-39,C
6356881,-62,0
6356881,-61,C
6356881,-60,C
6356881,-59,C
6356881,-58,C
6356881,-57,C
6356881,-56,C
6356881,-55,C
6356881,-54,C
6356881,-53,C
6356881,-68,0
6356881,-69,0
6356881,-35,C
6356881,-34,C
6356881,-15,C
6356881,-19,C
6356881,-20,C
6356881,-21,C
6356881,-22,C
6356881,-23,C
6356881,-24,C
6356881,-52,C
6356881,-25,C
6356881,-27,C
6356881,-28,C
6356881,-29,C
6356881,-30,C
6356881,-31,C
6356881,-32,C
6356881,-33,C
6356881,-26,C
6356881,-51,C
6356881,-63,0
6356881,-41,C
6356881,-42,C
6356881,-43,C
6356881,-44,C
6356881,-45,C
6356881,-46,C
6356881,-47,C
6356881,-48,C
6356881,-49,C
6356881,-50,C
6356882,-34,C
6356882,-22,C
6356882,-21,C
6356882,-20,C
6356882,-19,C
6356882,-14,C
6356882,-17,C
6356882,-16,C
6356882,-15,C
6356882,-23,C
6356882,-18,C
6356882,-24,C
6356882,-56,0
6356882,-26,C
6356882,-27,C
6356882,-28,C
6356882,-55,0
6356882,-13,C
6356882,-58,0
6356882,-59,0
6356882,-60,0
6356882,-61,0
6356882,-62,0
6356882,-63,0
6356882,-25,C
6356882,-12,C
6356882,-11,C
6356882,-29,C
6356882,-46,0
6356882,-45,C
6356882,-44,C
6356882,-43,C
6356882,-42,C
6356882,-41,C
6356882,-40,C
6356882,-39,C
6356882,-38,C
6356882,-37,C
6356882,-36,C
6356882,-30,C
6356882,-31,C
6356882,-32,C
6356882,-33,C
6356882,-47,0
6356882,-35,C
6356882,-48,0
6356882,-50,0
6356882,-10,C
6356882,-9,C
6356882,-8,C
6356882,-7,C
6356882,-6,C
6356882,-5,C
6356882,-4,C
6356882,-3,C
6356882,-2,C
6356882,-1,C
6356882,0,C
6356882,-54,0
6356882,-53,0
6356882,-52,0
6356882,-51,0
6356882,-49,0
6356882,-57,0
6356883,-52,0
6356883,-1,X
6356883,-33,0
6356883,-34,0
6356883,-35,0
6356883,0,X
6356883,-37,0
6356883,-38,0
6356883,-39,0
6356883,-40,0
6356883,-41,0
6356883,-42,0
6356883,-43,0
6356883,-44,0
6356883,-32,0
6356883,-45,0
6356883,-47,0
6356883,-48,0
6356883,-49,0
6356883,-50,0
6356883,-51,0
6356883,-53,0
6356883,-54,0
6356883,-55,0
6356883,-56,0
6356883,-57,0
6356883,-58,0
6356883,-59,0
6356883,-46,0
6356883,-31,0
6356883,-36,0
6356883,-29,0
6356883,-2,X
6356883,-3,X
6356883,-4,X
6356883,-5,X
6356883,-6,X
6356883,-7,X
6356883,-8,X
6356883,-30,X
6356883,-10,X
6356883,-11,X
6356883,-12,X
6356883,-13,X
6356883,-14,X
6356883,-9,X
6356883,-16,X
6356883,-15,X
6356883,-27,X
6356883,-26,X
6356883,-25,X
6356883,-24,X
6356883,-23,X
6356883,-28,X
6356883,-21,X
6356883,-20,X
6356883,-19,X
6356883,-18,X
6356883,-17,X
6356883,-22,X
6356884,-10,0
6356884,-9,X
6356884,-8,0
6356884,-7,0
6356884,-6,0
6356884,-3,X
6356884,-4,X
6356884,-2,X
6356884,-1,X
6356884,0,X
6356884,-5,0
6356885,-59,C
6356885,-60,C
6356885,-55,C
6356885,-31,C
6356885,-30,C
6356885,-29,C
6356885,-28,C
6356885,-27,C
6356885,-26,C
6356885,-25,C
6356885,-24,C
6356885,-23,C
6356885,-22,C
6356885,-21,C
6356885,-20,C
6356885,-19,C
6356885,-18,C
6356885,-17,C
6356885,-16,C
6356885,-15,C
6356885,0,C
6356885,-1,C
6356885,-3,C
6356885,-4,C
6356885,-5,C
6356885,-6,C
6356885,-32,C
6356885,-7,C
6356885,-9,C
6356885,-10,C
6356885,-11,C
6356885,-12,C
6356885,-13,C
6356885,-14,C
6356885,-8,C
6356885,-33,C
6356885,-2,C
6356885,-35,C
6356885,-34,C
6356885,-61,C
6356885,-63,0
6356885,-64,0
6356885,-65,0
6356885,-66,0
6356885,-67,0
6356885,-68,0
6356885,-69,X
6356885,-58,C
6356885,-57,C
6356885,-56,C
6356885,-54,C
6356885,-53,C
6356885,-52,C
6356885,-62,0
6356885,-50,C
6356885,-51,C
6356885,-37,C
6356885,-38,C
6356885,-39,C
6356885,-40,C
6356885,-41,C
6356885,-42,C
6356885,-36,C
6356885,-44,C
6356885,-45,C
6356885,-46,C
6356885,-47,C
6356885,-48,C
6356885,-43,C
6356885,-49,C
6356886,-18,C
6356886,-19,C
6356886,-20,C
6356886,-21,C
6356886,-22,C
6356886,-25,C
6356886,-24,C
6356886,-26,C
6356886,-27,C
6356886,-17,C
6356886,-29,C
6356886,-23,C
6356886,-28,C
6356886,-9,C
6356886,-15,C
6356886,-14,C
6356886,-13,C
6356886,-12,C
6356886,-11,C
6356886,-10,C
6356886,-8,C
6356886,-7,C
6356886,-6,C
6356886,-5,C
6356886,-4,C
6356886,-3,C
6356886,-30,C
6356886,-2,C
6356886,-16,C
6356886,-31,C
6356886,-49,0
6356886,-33,C
6356886,-1,C
6356886,-62,0
6356886,-63,X
6356886,-61,0
6356886,-60,0
6356886,-59,0
6356886,-58,0
6356886,-57,0
6356886,-56,0
6356886,-55,0
6356886,-54,0
6356886,-53,0
6356886,-52,0
6356886,-51,0
6356886,-50,0
6356886,-48,0
6356886,-47,0
6356886,-45,C
6356886,-44,C
6356886,-43,C
6356886,-42,C
6356886,-41,C
6356886,-40,C
6356886,-39,C
6356886,-38,C
6356886,-37,C
6356886,-36,C
6356886,-35,C
6356886,-34,C
6356886,-32,C
6356886,0,C
6356886,-46,0
6356887,-2,0
6356887,-33,0
6356887,-32,0
6356887,-31,0
6356887,-30,0
6356887,-29,0
6356887,-28,0
6356887,-27,0
6356887,-26,0
6356887,-25,0
6356887,-24,0
6356887,-23,0
6356887,-22,0
6356887,-21,0
6356887,-20,0
6356887,-19,0
6356887,-18,0
6356887,-17,0
6356887,-3,0
6356887,-4,0
6356887,-5,0
6356887,-6,0
6356887,-7,0
6356887,-8,0
6356887,-34,0
6356887,-9,0
6356887,-11,0
6356887,-12,0
6356887,-13,0
6356887,-14,0
6356887,-15,0
6356887,-16,0
6356887,-10,0
6356887,-1,0
6356887,0,X
6356888,-11,C
6356888,-25,0
6356888,-24,0
6356888,-23,0
6356888,-22,C
6356888,-21,C
6356888,-20,C
6356888,-19,C
6356888,-18,C
6356888,-17,C
6356888,-16,C
6356888,-15,C
6356888,-14,C
6356888,-13,C
6356888,-12,C
6356888,-10,C
6356888,-9,C
6356888,-8,C
6356888,-7,C
6356888,-6,C
6356888,-5,C
6356888,-4,C
6356888,-3,C
6356888,-2,C
6356888,-1,C
6356888,0,C
6356888,-26,0
6356888,-27,0
6356888,-29,0
6356888,-43,0
6356888,-46,X
6356888,-45,0
6356888,-44,0
6356888,-42,0
6356888,-41,0
6356888,-40,0
6356888,-38,0
6356888,-39,0
6356888,-36,0
6356888,-35,0
6356888,-34,0
6356888,-33,0
6356888,-32,0
6356888,-31,0
6356888,-30,0
6356888,-37,0
6356888,-28,0
6356889,-4,0
6356889,-7,0
6356889,-6,0
6356889,-5,0
6356889,-2,0
6356889,-1,0
6356889,0,0
6356889,-8,0
6356889,-3,0
6356890,-25,0
6356890,-24,0
6356890,-21,C
6356890,-22,C
6356890,-26,0
6356890,-23,C
6356890,-27,0
6356890,-2,C
6356890,-29,0
6356890,-30,0
6356890,-31,0
6356890,-32,0
6356890,-33,0
6356890,-20,C
6356890,-36,0
6356890,-28,0
6356890,-19,C
6356890,-5,C
6356890,-17,C
6356890,-1,C
6356890,-3,C
6356890,-4,C
6356890,-6,C
6356890,-7,C
6356890,-8,C
6356890,-18,C
6356890,-9,C
6356890,-11,C
6356890,-12,C
6356890,-13,C
6356890,-14,C
6356890,-15,C
6356890,-16,C
6356890,-10,C
6356890,0,C
6356890,-34,0
6356890,-35,0
6363403,-28,X
6363403,-27,X
6363403,-26,X
6363403,-25,X
6363403,-24,X
6363403,-23,X
6363403,-22,X
6363403,-21,X
6363403,-20,X
6363403,-19,X
6363403,-18,X
6363403,-58,X
6363403,-17,X
6363403,-73,X
6363403,-87,X
6363403,-86,X
6363403,-85,X
6363403,-84,X
6363403,-83,X
6363403,-81,X
6363403,-80,X
6363403,-79,X
6363403,-78,X
6363403,-77,X
6363403,-76,X
6363403,-16,X
6363403,-75,X
6363403,-29,X
6363403,-88,X
6363403,-30,X
6363403,-32,X
6363403,-74,X
6363403,-57,X
6363403,-56,X
6363403,-55,X
6363403,-54,X
6363403,-53,X
6363403,-52,X
6363403,-51,X
6363403,-50,X
6363403,-49,X
6363403,-48,X
6363403,-47,X
6363403,-31,X
6363403,-46,X
6363403,-44,X
6363403,-43,X
6363403,-42,X
6363403,-41,X
6363403,-40,X
6363403,-39,X
6363403,-38,X
6363403,-37,X
6363403,-36,X
6363403,-35,X
6363403,-34,X
6363403,-33,X
6363403,-45,X
6363403,-59,X
6363403,-82,X
6363403,-14,X
6363403,-62,X
6363403,-63,X
6363403,-64,X
6363403,-65,X
6363403,-66,X
6363403,-67,X
6363403,-15,X
6363403,-68,X
6363403,-69,X
6363403,-70,X
6363403,-71,X
6363403,-72,X
6363403,-60,X
6363403,0,X
6363403,-61,X
6363403,-2,X
6363403,-3,X
6363403,-4,X
6363403,-5,X
6363403,-7,X
6363403,-8,X
6363403,-6,X
6363403,-10,X
6363403,-11,X
6363403,-12,X
6363403,-13,X
6363403,-9,X
6363403,-1,X
6363404,-67,C
6363404,-84,0
6363404,-65,C
6363404,-66,C
6363404,-68,C
6363404,-70,C
6363404,-71,C
6363404,-72,C
6363404,-73,C
6363404,-74,C
6363404,-83,0
6363404,-76,C
6363404,-77,C
6363404,-78,0
6363404,-79,0
6363404,-80,0
6363404,-81,0
6363404,-82,0
6363404,-69,C
6363404,-75,C
6363404,-40,C
6363404,-35,C
6363404,-85,0
6363404,-64,C
6363404,-63,C
6363404,-62,C
6363404,-61,C
6363404,-60,C
6363404,-59,C
6363404,-58,C
6363404,-57,C
6363404,-56,C
6363404,-55,C
6363404,-54,C
6363404,-53,C
6363404,-52,C
6363404,-51,C
6363404,-50,C
6363404,-49,C
6363404,-48,C
6363404,-47,C
6363404,-46,C
6363404,-45,C
6363404,-44,C
6363404,-43,C
6363404,-42,C
6363404,-41,C
6363404,-39,C
6363404,-38,C
6363404,-37,C
6363404,-36,C
6363404,-34,C
6363404,-86,0
6363404,-33,C
6363404,-88,0
6363404,-16,C
6363404,-17,C
6363404,-18,C
6363404,-19,C
6363404,-31,C
6363404,-30,C
6363404,-15,C
6363404,-29,C
6363404,-27,C
6363404,-26,C
6363404,-25,C
6363404,-24,C
6363404,-23,C
6363404,-22,C
6363404,-28,C
6363404,-21,C
6363404,-14,C
6363404,-12,C
6363404,-32,C
6363404,-87,0
6363404,0,C
6363404,-1,C
6363404,-2,C
6363404,-3,C
6363404,-13,C
6363404,-4,C
6363404,-6,C
6363404,-7,C
6363404,-8,C
6363404,-9,C
6363404,-10,C
6363404,-11,C
6363404,-5,C
6363404,-20,C
6363405,-13,0
6363405,-21,0
6363405,0,C
6363405,-22,X
6363405,-1,C
6363405,-2,C
6363405,-3,C
6363405,-4,C
6363405,-5,X
6363405,-6,0
6363405,-7,0
6363405,-8,X
6363405,-9,0
6363405,-10,X
6363405,-11,0
6363405,-12,X
6363405,-14,X
6363405,-15,0
6363405,-16,0
6363405,-17,0
6363405,-18,X
6363405,-19,0
6363405,-20,0
6369797,-6,X
6369797,-5,X
6369797,0,X
6369797,-3,X
6369797,-1,X
6369797,-4,X
6369797,-2,X
6400405,-24,X
6400405,-23,X
6400405,-22,X
6400405,-21,X
6400405,-20,X
6400405,-19,X
6400405,-18,X
6400405,-17,X
6400405,-16,X
6400405,-15,X
6400405,-4,X
6400405,-13,X
6400405,-12,X
6400405,-11,X
6400405,-10,X
6400405,-9,X
6400405,-8,X
6400405,-7,X
6400405,-6,X
6400405,-5,X
6400405,-25,X
6400405,-14,X
6400405,-27,X
6400405,-28,X
6400405,0,X
6400405,-1,X
6400405,-48,X
6400405,-47,X
6400405,-46,X
6400405,-45,X
6400405,-44,X
6400405,-43,X
6400405,-42,X
6400405,-41,X
6400405,-39,X
6400405,-38,X
6400405,-37,X
6400405,-36,X
6400405,-35,0
6400405,-34,X
6400405,-33,X
6400405,-32,X
6400405,-31,X
6400405,-30,X
6400405,-29,X
6400405,-26,X
6400405,-40,X
6400405,-2,X
6400405,-3,X
6400406,-68,C
6400406,-61,C
6400406,-60,C
6400406,-59,C
6400406,-58,C
6400406,-57,C
6400406,-56,C
6400406,-55,C
6400406,-53,C
6400406,-62,C
6400406,-52,C
6400406,-50,C
6400406,-49,C
6400406,-48,C
6400406,-47,C
6400406,-46,C
6400406,-45,C
6400406,-44,C
6400406,-43,C
6400406,-42,C
6400406,-51,C
6400406,-41,C
6400406,-63,C
6400406,-65,C
6400406,-86,0
6400406,-85,0
6400406,-84,0
6400406,-83,C
6400406,-82,C
6400406,-81,C
6400406,-80,C
6400406,-79,C
6400406,-78,C
6400406,-64,C
6400406,-77,C
6400406,-75,C
6400406,-74,C
6400406,-73,C
6400406,-72,C
6400406,-71,C
6400406,-70,C
6400406,-69,C
6400406,-67,C
6400406,-66,C
6400406,-76,C
6400406,-40,C
6400406,-54,C
6400406,-8,C
6400406,-27,C
6400406,-26,C
6400406,-25,C
6400406,-24,C
6400406,-23,C
6400406,-22,C
6400406,-21,C
6400406,-19,C
6400406,-18,C
6400406,-17,C
6400406,-16,C
6400406,-15,C
6400406,-28,C
6400406,-14,C
6400406,-12,C
6400406,-11,C
6400406,-10,C
6400406,-9,C
6400406,-7,C
6400406,-6,C
6400406,-5,C
6400406,-4,C
6400406,-3,C
6400406,-2,C
6400406,-1,C
6400406,0,C
6400406,-13,C
6400406,-29,C
6400406,-20,C
6400406,-31,C
6400406,-39,C
6400406,-38,C
6400406,-37,C
6400406,-36,C
6400406,-34,C
6400406,-35,C
6400406,-32,C
6400406,-30,C
6400406,-33,C
6460631,-19,0
6460631,-23,0
6460631,-18,0
6460631,-17,0
6460631,-20,0
6460631,-21,0
6460631,-22,0
6460631,-24,0
6460631,-29,0
6460631,-26,0
6460631,-27,0
6460631,-28,0
6460631,-16,0
6460631,-30,0
6460631,-31,0
6460631,-32,0
6460631,-33,0
6460631,-34,0
6460631,-25,0
6460631,-15,0
6460631,-36,0
6460631,-42,0
6460631,-41,0
6460631,-40,0
6460631,-39,0
6460631,-35,0
6460631,-37,0
6460631,-38,0
6460632,-16,0
6460632,-1,0
6460632,-2,0
6460632,-3,0
6460632,-4,0
6460632,-5,0
6460632,-6,0
6460632,-7,0
6460632,-8,0
6460632,-9,0
6460632,-10,0
6460632,-11,0
6460632,-13,0
6460632,-14,0
6460632,-18,0
6460632,-17,0
6460632,-15,0
6460632,-12,0
6460632,-20,0
6460632,-21,0
6460632,-27,0
6460632,-26,0
6460632,-25,0
6460632,-24,0
6460632,-23,0
6460632,-28,0
6460632,-19,0
6460632,-22,0
6520708,-30,0
6520708,-34,0
6520708,-35,0
6520708,-36,0
6520708,-37,0
6520708,-38,0
6520708,-39,0
6520708,-40,0
6520708,-42,0
6520708,-43,0
6520708,-32,0
6520708,-26,0
6520708,-25,0
6520708,-29,0
6520708,-31,0
6520708,-33,0
6520708,-41,0
6520708,-24,0
6520708,-4,C
6520708,-3,C
6520708,-2,C
6520708,-5,C
6520708,-6,C
6520708,-7,0
6520708,-8,0
6520708,-9,0
6520708,-10,0
6520708,-11,0
6520708,-12,0
6520708,-13,0
6520708,-14,0
6520708,-15,0
6520708,-16,0
6520708,-17,0
6520708,-18,0
6520708,-19,0
6520708,-20,0
6520708,-21,0
6520708,-22,0
6520708,-23,0
6520708,-27,0
6520708,-28,0
6612298,0,1
6612298,-1,1
6612298,-9,0
6612298,-13,0
6612298,-12,X
6612298,-11,1
6612298,-10,0
6612298,-16,X
6612298,-8,X
6612298,-14,X
6612298,-7,0
6612298,-5,0
6612298,-4,0
6612298,-3,0
6612298,-2,1
6612298,-6,0
6612298,-15,0
6612299,-7,X
6612299,-6,0
6612299,-3,X
6612299,-8,1
6612299,-9,X
6612299,-5,X
6612299,-4,X
6612299,-10,0
6612299,-2,X
6612299,-1,X
6612299,0,X
6612299,-11,X
6625591,-37,X
6625591,-36,X
6625591,-35,X
6625591,-34,X
6625591,-33,X
6625591,-32,X
6625591,-31,X
6625591,-30,X
6625591,-29,X
6625591,-28,X
6625591,-27,X
6625591,-26,X
6625591,-25,X
6625591,-24,X
6625591,-23,X
6625591,-48,X
6625591,-56,X
6625591,-39,X
6625591,-51,X
6625591,-52,X
6625591,-53,X
6625591,-54,X
6625591,-55,X
6625591,-22,X
6625591,-49,X
6625591,-47,X
6625591,-46,X
6625591,-45,X
6625591,-44,X
6625591,-43,X
6625591,-42,X
6625591,-41,X
6625591,-40,X
6625591,-38,X
6625591,-21,X
6625591,-8,X
6625591,-19,X
6625591,-20,X
6625591,-3,X
6625591,-4,X
6625591,-5,X
6625591,-6,X
6625591,-50,X
6625591,-9,X
6625591,-10,X
6625591,-7,X
6625591,-12,X
6625591,-13,X
6625591,-14,X
6625591,-15,X
6625591,-16,X
6625591,-17,X
6625591,-18,X
6625591,-11,X
6625592,-83,C
6625592,-78,C
6625592,-79,C
6625592,-80,C
6625592,-81,C
6625592,-82,C
6625592,-84,C
6625592,-91,0
6625592,-86,C
6625592,-87,C
6625592,-88,C
6625592,-89,C
6625592,-90,C
6625592,-92,0
6625592,-85,C
6625593,-37,1
6625593,-38,0
6625593,-36,0
6625593,-35,0
6625593,-39,0
6625593,-33,0
6625593,-31,0
6625593,-43,0
6625593,-44,0
6625593,-45,0
6625593,-34,0
6625593,-32,0
6625593,-30,0
6625593,-46,0
6625593,-47,0
6625593,-48,1
6625593,-49,1
6625593,-50,0
6625593,-51,0
6625593,-52,0
6625593,-53,0
6625593,-40,0
6625593,-42,0
6625593,-41,0
6625594,-11,X
6625594,0,X
6625594,-2,X
6625594,-1,X
6625594,-4,X
6625594,-12,X
6625594,-5,X
6625594,-13,X
6625594,-10,X
6625594,-14,X
6625594,-3,X
6625594,-9,X
6625594,-8,X
6625594,-7,X
6625594,-6,X
6625595,-37,X
6625595,-39,X
6625595,-36,X
6625595,-35,X
6625595,-38,X
6625595,-40,X
6625595,-43,X
6625595,-42,X
6625595,-83,X
6625595,-84,X
6625595,-85,X
6625595,-86,X
6625595,-87,X
6625595,-88,X
6625595,-81,X
6625595,-44,X
6625595,-41,X
6625595,-80,X
6625595,-76,X
6625595,-78,X
6625595,-54,X
6625595,-55,X
6625595,-56,X
6625595,-57,X
6625595,-58,X
6625595,-59,X
6625595,-60,X
6625595,-61,X
6625595,-62,X
6625595,-63,X
6625595,-79,X
6625595,-64,X
6625595,-66,X
6625595,-67,X
6625595,-68,X
6625595,-69,X
6625595,-70,X
6625595,-71,X
6625595,-72,X
6625595,-73,X
6625595,-74,X
6625595,-75,X
6625595,-65,X
6625595,-52,X
6625595,-53,X
6625595,-82,X
6625595,-77,X
6625595,-45,X
6625595,-46,X
6625595,-47,X
6625595,-48,X
6625595,-49,X
6625595,-50,X
6625595,-51,X
6630331,-68,C
6630331,-67,C
6630331,-66,C
6630331,-65,C
6630331,-64,C
6630331,-63,C
6630331,-51,C
6630331,-61,C
6630331,-60,C
6630331,-59,C
6630331,-58,C
6630331,-57,C
6630331,-56,C
6630331,-69,C
6630331,-70,C
6630331,-71,C
6630331,-72,C
6630331,-73,C
6630331,-55,C
6630331,-54,C
6630331,-53,C
6630331,-52,C
6630331,-62,C
6630331,-37,C
6630331,-26,C
6630331,-75,C
6630331,-76,C
6630331,-77,C
6630331,-50,C
6630331,-78,C
6630331,-79,C
6630331,-80,C
6630331,-81,C
6630331,-82,C
6630331,-83,C
6630331,-84,C
6630331,-85,C
6630331,-86,C
6630331,-87,C
6630331,-88,0
6630331,-89,0
6630331,-90,0
6630331,-74,C
6630331,-48,C
6630331,-47,C
6630331,-46,C
6630331,-27,C
6630331,-28,C
6630331,-29,C
6630331,-30,C
6630331,-31,C
6630331,-32,C
6630331,-33,C
6630331,-34,C
6630331,-25,C
6630331,-35,C
6630331,-38,C
6630331,-39,C
6630331,-40,C
6630331,-41,C
6630331,-42,C
6630331,-43,C
6630331,-44,C
6630331,-45,C
6630331,-36,C
6630331,-49,C
6735200,-10,0
6735200,-8,0
6735200,-12,X
6735200,-11,0
6735200,-9,0
6735200,-7,0
6735200,-6,0
6735200,-4,C
6735200,-3,C
6735200,-2,C
6735200,-1,C
6735200,-5,0
6735200,0,C
6735201,-3,0
6735201,-2,0
6735201,-1,0
6735201,0,0
6735201,-4,0
6735202,0,X
6735202,-2,0
6735202,-1,0
6744278,-7,C
6744278,-8,C
6744278,-11,C
6744278,-12,0
6744278,-13,X
6744278,-14,0
6744278,-10,C
6744278,-9,C
6772203,-1,X
6772203,0,X
6772203,-44,X
6772203,-4,X
6772203,-46,X
6772203,-2,X
6772203,-3,X
6772203,-45,X
6772203,-43,X
6772203,-37,X
6772203,-41,X
6772203,-27,X
6772203,-26,X
6772203,-25,X
6772203,-24,X
6772203,-23,X
6772203,-22,X
6772203,-21,X
6772203,-20,X
6772203,-19,X
6772203,-18,X
6772203,-16,X
6772203,-15,X
6772203,-14,X
6772203,-5,X
6772203,-6,X
6772203,-7,X
6772203,-8,X
6772203,-9,X
6772203,-10,X
6772203,-11,X
6772203,-12,X
6772203,-13,X
6772203,-42,X
6772203,-28,X
6772203,-29,X
6772203,-17,X
6772203,-31,X
6772203,-32,X
6772203,-33,X
6772203,-40,X
6772203,-39,X
6772203,-30,X
6772203,-38,X
6772203,-36,X
6772203,-35,X
6772203,-34,X
6772204,0,X
6772204,-2,X
6772204,-3,X
6772204,-4,X
6772204,-1,X
6772204,-6,X
6772204,-7,X
6772204,-8,X
6772204,-9,X
6772204,-10,X
6772204,-11,X
6772204,-5,X
6772205,-3,0
6772205,-2,0
6772205,-1,0
6772205,0,0
6798301,-14,C
6798301,-21,0
6798301,-20,C
6798301,-23,0
6798301,-19,C
6798301,-18,C
6798301,-17,C
6798301,-16,C
6798301,-15,C
6798301,-22,0
6798301,-13,C
6798301,-1,C
6798301,-11,C
6798301,-10,C
6798301,-9,C
6798301,-8,C
6798301,-7,C
6798301,-6,C
6798301,-5,C
6798301,-4,C
6798301,-3,C
6798301,-2,C
6798301,0,C
6798301,-25,0
6798301,-12,C
6798301,-24,0
6798302,-11,C
6798302,-8,C
6798302,-9,C
6798302,-10,C
6798302,-12,0
6798302,-13,X
6798302,-14,0
6798302,-7,C
6798303,-6,0
6798303,-5,0
6798303,-4,0
6798303,-3,0
6798303,-2,0
6798303,-1,0
6798303,0,0
6798304,-44,0
6798304,-43,0
6798304,-42,0
6798304,-41,0
6798304,-39,0
6798304,-38,0
6798304,-40,0
6798304,-35,C
6798304,-36,0
6798304,-29,C
6798304,-30,C
6798304,-31,C
6798304,-32,C
6798304,-33,C
6798304,-37,0
6798304,-34,C
6805526,-9,X
6805526,-21,X
6805526,-22,X
6805526,-23,X
6805526,-24,X
6805526,-25,X
6805526,-26,X
6805526,-27,X
6805526,-28,X
6805526,-29,X
6805526,-30,X
6805526,-31,X
6805526,-32,X
6805526,-33,X
6805526,-34,X
6805526,-20,X
6805526,-19,X
6805526,-18,X
6805526,-17,X
6805526,-10,X
6805526,-11,X
6805526,-7,X
6805526,-6,X
6805526,-5,X
6805526,-4,X
6805526,-8,X
6805526,-3,X
6805526,-1,X
6805526,0,X
6805526,-12,X
6805526,-13,X
6805526,-15,X
6805526,-16,X
6805526,-2,X
6805526,-14,X
6805527,-31,C
6805527,-15,C
6805527,-30,C
6805527,0,C
6805527,-1,C
6805527,-2,C
6805527,-3,C
6805527,-4,C
6805527,-5,C
6805527,-6,C
6805527,-7,C
6805527,-8,C
6805527,-9,C
6805527,-10,C
6805527,-11,C
6805527,-12,C
6805527,-13,C
6805527,-14,C
6805527,-26,C
6805527,-16,C
6805527,-17,C
6805527,-18,C
6805527,-19,C
6805527,-20,C
6805527,-21,C
6805527,-22,C
6805527,-23,C
6805527,-27,C
6805527,-24,C
6805527,-28,C
6805527,-25,C
6805527,-32,C
6805527,-33,C
6805527,-34,C
6805527,-35,C
6805527,-36,C
6805527,-37,0
6805527,-38,0
6805527,-39,0
6805527,-29,C
6805528,-39,0
6805528,-38,0
6805528,-37,0
6805528,-22,C
6805528,-35,C
6805528,-34,C
6805528,-33,C
6805528,-32,C
6805528,-31,C
6805528,-30,C
6805528,-28,C
6805528,-27,C
6805528,-26,C
6805528,-25,C
6805528,-24,C
6805528,-23,C
6805528,-21,C
6805528,-36,C
6805528,-29,C
6805528,-20,C
6805528,0,C
6805528,-1,C
6805528,-2,C
6805528,-3,C
6805528,-5,C
6805528,-6,C
6805528,-7,C
6805528,-8,C
6805528,-9,C
6805528,-10,C
6805528,-4,C
6805528,-11,C
6805528,-12,C
6805528,-13,C
6805528,-14,C
6805528,-15,C
6805528,-16,C
6805528,-17,C
6805528,-18,C
6805528,-19,C
6805529,-17,X
6805529,-18,X
6805529,-19,X
6805529,-20,X
6805529,-21,X
6805529,-22,X
6805529,-27,0
6805529,-24,0
6805529,-25,0
6805529,-26,0
6805529,-29,0
6805529,-28,0
6805529,-16,X
6805529,-23,X
6805529,-15,X
6805529,-30,X
6805529,-13,X
6805529,-14,X
6805529,-1,X
6805529,-2,X
6805529,-3,X
6805529,-4,X
6805529,-5,X
6805529,0,X
6805529,-7,X
6805529,-8,X
6805529,-9,X
6805529,-10,X
6805529,-11,X
6805529,-6,X
6805529,-12,X
6805530,-19,C
6805530,-20,C
6805530,-21,C
6805530,-22,C
6805530,-23,C
6805530,-26,X
6805530,-25,X
6805530,-27,X
6805530,-28,X
6805530,-29,X
6805530,-18,C
6805530,-24,C
6805530,-17,C
6805530,-10,C
6805530,-15,C
6805530,-14,C
6805530,-13,C
6805530,-12,C
6805530,-11,C
6805530,-9,C
6805530,-8,C
6805530,-7,C
6805530,-6,C
6805530,-5,C
6805530,-4,C
6805530,-30,X
6805530,-16,C
6805530,-1,C
6805530,-2,C
6805530,-3,C
6805530,0,C
6805531,-12,C
6805531,-28,X
6805531,-27,X
6805531,-26,X
6805531,-25,X
6805531,-24,X
6805531,-23,X
6805531,-22,X
6805531,-21,X
6805531,-19,X
6805531,-29,X
6805531,-18,X
6805531,-17,X
6805531,-16,C
6805531,-15,C
6805531,-14,C
6805531,-13,C
6805531,-9,C
6805531,-20,X
6805531,-30,X
6805531,-32,X
6805531,-11,C
6805531,0,C
6805531,-1,C
6805531,-2,C
6805531,-31,X
6805531,-4,C
6805531,-5,C
6805531,-3,C
6805531,-7,C
6805531,-8,C
6805531,-36,X
6805531,-35,X
6805531,-34,0
6805531,-33,X
6805531,-6,C
6805531,-10,C
6805532,-19,C
6805532,-20,0
6805532,-21,0
6805532,-22,0
6805532,-23,X
6805532,-16,C
6805532,0,C
6805532,-15,C
6805532,-14,C
6805532,-17,C
6805532,-13,C
6805532,-12,C
6805532,-11,C
6805532,-10,C
6805532,-9,C
6805532,-3,C
6805532,-7,C
6805532,-6,C
6805532,-5,C
6805532,-4,C
6805532,-1,C
6805532,-2,C
6805532,-18,C
6805532,-8,C
6805533,-19,X
6805533,-18,0
6805533,-17,0
6805533,-16,C
6805533,-15,C
6805533,-14,C
6805533,-13,C
6805533,-12,C
6805533,-9,C
6805533,-10,C
6805533,-8,C
6805533,-7,C
6805533,-6,C
6805533,-5,C
6805533,-3,C
6805533,-2,C
6805533,-1,C
6805533,0,C
6805533,-11,C
6805533,-4,C
6805534,-4,C
6805534,0,C
6805534,-15,X
6805534,-14,X
6805534,-13,0
6805534,-12,0
6805534,-11,0
6805534,-9,0
6805534,-10,0
6805534,-7,C
6805534,-6,C
6805534,-5,C
6805534,-3,C
6805534,-2,C
6805534,-1,C
6805534,-8,C
6805535,-5,0
6805535,-8,X
6805535,-6,0
6805535,-4,0
6805535,-7,0
6805535,-2,C
6805535,-1,C
6805535,0,C
6805535,-3,0
6805536,0,0
6805536,-1,0
6805536,-2,0
6805536,-3,X
6805537,-10,0
6805537,-9,0
6805537,-8,0
6805537,-7,0
6805537,-6,0
6805537,-4,C
6805537,-3,C
6805537,-2,C
6805537,-1,C
6805537,0,C
6805537,-5,0
6805538,-7,0
6805538,-11,X
6805538,-10,0
6805538,-9,0
6805538,-8,0
6805538,-6,0
6805538,-1,0
6805538,-4,0
6805538,-3,0
6805538,-2,0
6805538,0,0
6805538,-5,0
6830335,-14,C
6830335,-13,C
6830335,-12,C
6830335,-11,C
6830335,-10,C
6830335,-9,C
6830335,-7,C
6830335,-6,C
6830335,-5,C
6830335,-4,C
6830335,-3,C
6830335,-2,C
6830335,-8,C
6830335,-15,C
6830335,-18,C
6830335,-17,C
6830335,-19,1
6830335,-20,0
6830335,-21,0
6830335,-22,0
6830335,-23,0
6830335,-24,0
6830335,-25,0
6830335,-26,0
6830335,-27,0
6830335,-28,0
6830335,-29,0
6830335,-30,0
6830335,0,C
6830335,-16,C
6830335,-1,C
