SK_ID_PREV,SK_ID_CURR,MONTHS_BALANCE,AMT_BALANCE,AMT_CREDIT_LIMIT_ACTUAL,AMT_DRAWINGS_ATM_CURRENT,AMT_DRAWINGS_CURRENT,AMT_DRAWINGS_OTHER_CURRENT,AMT_DRAWINGS_POS_CURRENT,AMT_INST_MIN_REGULARITY,AMT_PAYMENT_CURRENT,AMT_PAYMENT_TOTAL_CURRENT,AMT_RECEIVABLE_PRINCIPAL,AMT_RECIVABLE,AMT_TOTAL_RECEIVABLE,CNT_DRAWINGS_ATM_CURRENT,CNT_DRAWINGS_CURRENT,CNT_DRAWINGS_OTHER_CURRENT,CNT_DRAWINGS_POS_CURRENT,CNT_INSTALMENT_MATURE_CUM,NAME_CONTRACT_STATUS,SK_DPD,SK_DPD_DEF
1489396,100006,-3,0.0,270000,,0.0,,,0.0,,0.0,0.0,0.0,0.0,,0,,,0.0,Active,0,0
1489396,100006,-1,0.0,270000,,0.0,,,0.0,,0.0,0.0,0.0,0.0,,0,,,0.0,Active,0,0
1489396,100006,-2,0.0,270000,,0.0,,,0.0,,0.0,0.0,0.0,0.0,,0,,,0.0,Active,0,0
1489396,100006,-5,0.0,270000,,0.0,,,0.0,,0.0,0.0,0.0,0.0,,0,,,0.0,Active,0,0
1489396,100006,-4,0.0,270000,,0.0,,,0.0,,0.0,0.0,0.0,0.0,,0,,,0.0,Active,0,0
1489396,100006,-6,0.0,270000,,0.0,,,0.0,,0.0,0.0,0.0,0.0,,0,,,0.0,Active,0,0
1843384,100011,-46,64806.705,180000,0.0,0.0,0.0,0.0,9000.0,9000.0,9000.0,60977.745,64806.705,64806.705,0.0,0,0.0,0.0,29.0,Active,0,0
1843384,100011,-61,134885.97,180000,0.0,0.0,0.0,0.0,9000.0,9000.0,9000.0,130041.54,134885.97,134885.97,0.0,0,0.0,0.0,14.0,Active,0,0
1843384,100011,-15,0.0,180000,0.0,0.0,0.0,0.0,0.0,563.355,0.0,0.0,0.0,0.0,0.0,0,0.0,0.0,33.0,Active,0,0
1843384,100011,-22,0.0,180000,0.0,0.0,0.0,0.0,0.0,563.355,0.0,0.0,0.0,0.0,0.0,0,0.0,0.0,33.0,Active,0,0
1843384,100011,-66,154960.74,180000,0.0,0.0,0.0,0.0,9000.0,9000.0,9000.0,149878.845,154960.74,154960.74,0.0,0,0.0,0.0,9.0,Active,0,0
1843384,100011,-11,0.0,90000,0.0,0.0,0.0,0.0,0.0,563.355,0.0,0.0,0.0,0.0,0.0,0,0.0,0.0,33.0,Active,0,0
1843384,100011,-71,173901.915,180000,0.0,0.0,0.0,0.0,9000.0,9000.0,9000.0,168544.35,173901.915,173901.915,0.0,0,0.0,0.0,4.0,Active,0,0
1843384,100011,-39,0.0,180000,0.0,0.0,0.0,0.0,0.0,563.355,0.0,0.0,-563.355,-563.355,0.0,0,0.0,0.0,33.0,Active,0,0
1843384,100011,-55,108744.615,180000,0.0,0.0,0.0,0.0,9000.0,9000.0,9000.0,104242.365,108744.615,108744.615,0.0,0,0.0,0.0,20.0,Active,0,0
1843384,100011,-60,130734.63,180000,0.0,0.0,0.0,0.0,9000.0,9000.0,9000.0,125885.97,130734.63,130734.63,0.0,0,0.0,0.0,15.0,Active,0,0
1843384,100011,-58,122180.265,180000,0.0,0.0,0.0,0.0,9000.0,9000.0,9000.0,117455.04,122180.265,122180.265,0.0,0,0.0,0.0,17.0,Active,0,0
1843384,100011,-30,0.0,180000,0.0,0.0,0.0,0.0,0.0,563.355,0.0,0.0,0.0,0.0,0.0,0,0.0,0.0,33.0,Active,0,0
1843384,100011,-24,0.0,180000,0.0,0.0,0.0,0.0,0.0,563.355,0.0,0.0,0.0,0.0,0.0,0,0.0,0.0,33.0,Active,0,0
1843384,100011,-32,0.0,180000,0.0,0.0,0.0,0.0,0.0,563.355,0.0,0.0,0.0,0.0,0.0,0,0.0,0.0,33.0,Active,0,0
1843384,100011,-31,0.0,180000,0.0,0.0,0.0,0.0,0.0,563.355,0.0,0.0,0.0,0.0,0.0,0,0.0,0.0,33.0,Active,0,0
1843384,100011,-36,0.0,180000,0.0,0.0,0.0,0.0,0.0,563.355,0.0,0.0,0.0,0.0,0.0,0,0.0,0.0,33.0,Active,0,0
1843384,100011,-68,162659.97,180000,0.0,0.0,0.0,0.0,9000.0,9000.0,9000.0,157628.16,162659.97,162659.97,0.0,0,0.0,0.0,7.0,Active,0,0
1843384,100011,-51,89959.455,180000,0.0,0.0,0.0,0.0,9000.0,9000.0,9000.0,85741.56,89959.455,89959.455,0.0,0,0.0,0.0,24.0,Active,0,0
1843384,100011,-17,0.0,180000,0.0,0.0,0.0,0.0,0.0,563.355,0.0,0.0,0.0,0.0,0.0,0,0.0,0.0,33.0,Active,0,0
1843384,100011,-29,0.0,180000,0.0,0.0,0.0,0.0,0.0,563.355,0.0,0.0,0.0,0.0,0.0,0,0.0,0.0,33.0,Active,0,0
1843384,100011,-63,143069.31,180000,0.0,0.0,0.0,0.0,9000.0,9000.0,9000.0,138030.3,143069.31,143069.31,0.0,0,0.0,0.0,12.0,Active,0,0
1843384,100011,-52,94741.56,180000,0.0,0.0,0.0,0.0,9000.0,9000.0,9000.0,90493.29,94741.56,94741.56,0.0,0,0.0,0.0,23.0,Active,0,0
1843384,100011,-75,189000.0,180000,180000.0,180000.0,0.0,0.0,,0.0,0.0,180000.0,189000.0,189000.0,4.0,4,0.0,0.0,,Active,0,0
1843384,100011,-37,0.0,180000,0.0,0.0,0.0,0.0,0.0,563.355,0.0,0.0,0.0,0.0,0.0,0,0.0,0.0,33.0,Active,0,0
1843384,100011,-70,170289.72,180000,0.0,0.0,0.0,0.0,9000.0,9000.0,9000.0,164901.915,170289.72,170289.72,0.0,0,0.0,0.0,5.0,Active,0,0
1843384,100011,-62,139041.54,180000,0.0,0.0,0.0,0.0,9000.0,9000.0,9000.0,134069.31,139041.54,139041.54,0.0,0,0.0,0.0,13.0,Active,0,0
1843384,100011,-73,181044.54,180000,0.0,0.0,0.0,0.0,9000.0,9000.0,9000.0,175568.85,181044.54,181044.54,0.0,0,0.0,0.0,2.0,Active,0,0
1843384,100011,-38,0.0,180000,0.0,0.0,0.0,0.0,0.0,563.355,0.0,0.0,0.0,0.0,0.0,0,0.0,0.0,33.0,Active,0,0
1843384,100011,-28,0.0,180000,0.0,0.0,0.0,0.0,0.0,563.355,0.0,0.0,0.0,0.0,0.0,0,0.0,0.0,33.0,Active,0,0
1843384,100011,-74,184568.85,180000,0.0,0.0,0.0,0.0,9000.0,9000.0,9000.0,180000.0,184568.85,184568.85,0.0,0,0.0,0.0,1.0,Active,0,0
1843384,100011,-19,0.0,180000,0.0,0.0,0.0,0.0,0.0,563.355,0.0,0.0,0.0,0.0,0.0,0,0.0,0.0,33.0,Active,0,0
1843384,100011,-57,117834.255,180000,0.0,0.0,0.0,0.0,9000.0,9000.0,9000.0,113180.265,117834.255,117834.255,0.0,0,0.0,0.0,18.0,Active,0,0
1843384,100011,-10,0.0,90000,0.0,0.0,0.0,0.0,0.0,563.355,0.0,0.0,0.0,0.0,0.0,0,0.0,0.0,33.0,Active,0,0
1843384,100011,-56,113242.365,180000,0.0,0.0,0.0,0.0,9000.0,9000.0,9000.0,108834.255,113242.365,113242.365,0.0,0,0.0,0.0,19.0,Active,0,0
1843384,100011,-27,0.0,180000,0.0,0.0,0.0,0.0,0.0,563.355,0.0,0.0,0.0,0.0,0.0,0,0.0,0.0,33.0,Active,0,0
1843384,100011,-21,0.0,180000,0.0,0.0,0.0,0.0,0.0,563.355,0.0,0.0,0.0,0.0,0.0,0,0.0,0.0,33.0,Active,0,0
1843384,100011,-47,69977.745,180000,0.0,0.0,0.0,0.0,9000.0,9000.0,9000.0,66109.95,69977.745,69977.745,0.0,0,0.0,0.0,28.0,Active,0,0
1843384,100011,-44,54117.45,180000,0.0,0.0,0.0,0.0,9000.0,9000.0,9000.0,50544.765,54117.45,54117.45,0.0,0,0.0,0.0,31.0,Active,0,0
1843384,100011,-67,158878.845,180000,0.0,0.0,0.0,0.0,9000.0,9000.0,9000.0,153659.97,158878.845,158878.845,0.0,0,0.0,0.0,8.0,Active,0,0
1843384,100011,-72,177544.35,180000,0.0,0.0,0.0,0.0,9000.0,9000.0,9000.0,172044.54,177544.35,177544.35,0.0,0,0.0,0.0,3.0,Active,0,0
1843384,100011,-25,0.0,180000,0.0,0.0,0.0,0.0,0.0,563.355,0.0,0.0,0.0,0.0,0.0,0,0.0,0.0,33.0,Active,0,0
1843384,100011,-5,0.0,90000,0.0,0.0,0.0,0.0,0.0,563.355,0.0,0.0,0.0,0.0,0.0,0,0.0,0.0,33.0,Active,0,0
1843384,100011,-8,0.0,90000,0.0,0.0,0.0,0.0,0.0,563.355,0.0,0.0,0.0,0.0,0.0,0,0.0,0.0,33.0,Active,0,0
1843384,100011,-9,0.0,90000,0.0,0.0,0.0,0.0,0.0,563.355,0.0,0.0,0.0,0.0,0.0,0,0.0,0.0,33.0,Active,0,0
1843384,100011,-12,0.0,90000,0.0,0.0,0.0,0.0,0.0,563.355,0.0,0.0,0.0,0.0,0.0,0,0.0,0.0,33.0,Active,0,0
1843384,100011,-13,0.0,90000,0.0,0.0,0.0,0.0,0.0,563.355,0.0,0.0,0.0,0.0,0.0,0,0.0,0.0,33.0,Active,0,0
1843384,100011,-42,0.0,180000,0.0,0.0,0.0,0.0,804.195,1367.55,0.0,0.0,-563.355,-563.355,0.0,0,0.0,0.0,33.0,Active,0,0
1843384,100011,-23,0.0,180000,0.0,0.0,0.0,0.0,0.0,563.355,0.0,0.0,0.0,0.0,0.0,0,0.0,0.0,33.0,Active,0,0
1843384,100011,-2,0.0,90000,0.0,0.0,0.0,0.0,0.0,563.355,0.0,0.0,0.0,0.0,0.0,0,0.0,0.0,33.0,Active,0,0
1843384,100011,-33,0.0,180000,0.0,0.0,0.0,0.0,0.0,563.355,0.0,0.0,0.0,0.0,0.0,0,0.0,0.0,33.0,Active,0,0
1843384,100011,-64,147030.3,180000,0.0,0.0,0.0,0.0,9000.0,9000.0,9000.0,142067.115,147030.3,147030.3,0.0,0,0.0,0.0,11.0,Active,0,0
1843384,100011,-49,80127.36,180000,0.0,0.0,0.0,0.0,9000.0,9000.0,9000.0,76100.625,80127.36,80127.36,0.0,0,0.0,0.0,26.0,Active,0,0
1843384,100011,-50,85100.625,180000,0.0,0.0,0.0,0.0,9000.0,9000.0,9000.0,80959.455,85100.625,85100.625,0.0,0,0.0,0.0,25.0,Active,0,0
1843384,100011,-18,0.0,180000,0.0,0.0,0.0,0.0,0.0,563.355,0.0,0.0,0.0,0.0,0.0,0,0.0,0.0,33.0,Active,0,0
1843384,100011,-48,75109.95,180000,0.0,0.0,0.0,0.0,9000.0,9000.0,9000.0,71127.36,75109.95,75109.95,0.0,0,0.0,0.0,27.0,Active,0,0
1843384,100011,-53,99493.29,180000,0.0,0.0,0.0,0.0,9000.0,9000.0,9000.0,95130.63,99493.29,99493.29,0.0,0,0.0,0.0,22.0,Active,0,0
1843384,100011,-26,0.0,180000,0.0,0.0,0.0,0.0,0.0,563.355,0.0,0.0,0.0,0.0,0.0,0,0.0,0.0,33.0,Active,0,0
1843384,100011,-14,0.0,90000,0.0,0.0,0.0,0.0,0.0,563.355,0.0,0.0,0.0,0.0,0.0,0,0.0,0.0,33.0,Active,0,0
1843384,100011,-54,104130.63,180000,0.0,0.0,0.0,0.0,9000.0,9000.0,9000.0,99744.615,104130.63,104130.63,0.0,0,0.0,0.0,21.0,Active,0,0
1843384,100011,-3,0.0,90000,0.0,0.0,0.0,0.0,0.0,563.355,0.0,0.0,0.0,0.0,0.0,0,0.0,0.0,33.0,Active,0,0
1843384,100011,-35,0.0,180000,0.0,0.0,0.0,0.0,0.0,563.355,0.0,0.0,0.0,0.0,0.0,0,0.0,0.0,33.0,Active,0,0
1843384,100011,-16,0.0,180000,0.0,0.0,0.0,0.0,0.0,563.355,0.0,0.0,0.0,0.0,0.0,0,0.0,0.0,33.0,Active,0,0
1843384,100011,-65,151067.115,180000,0.0,0.0,0.0,0.0,9000.0,9000.0,9000.0,145960.74,151067.115,151067.115,0.0,0,0.0,0.0,10.0,Active,0,0
1843384,100011,-4,0.0,90000,0.0,0.0,0.0,0.0,0.0,563.355,0.0,0.0,0.0,0.0,0.0,0,0.0,0.0,33.0,Active,0,0
1843384,100011,-7,0.0,90000,0.0,0.0,0.0,0.0,0.0,563.355,0.0,0.0,0.0,0.0,0.0,0,0.0,0.0,33.0,Active,0,0
1843384,100011,-6,0.0,90000,0.0,0.0,0.0,0.0,0.0,563.355,0.0,0.0,0.0,0.0,0.0,0,0.0,0.0,33.0,Active,0,0
1843384,100011,-43,804.195,180000,0.0,0.0,0.0,0.0,9000.0,55485.0,55485.0,0.0,-563.355,-563.355,0.0,0,0.0,0.0,32.0,Active,0,0
1843384,100011,-20,0.0,180000,0.0,0.0,0.0,0.0,0.0,563.355,0.0,0.0,0.0,0.0,0.0,0,0.0,0.0,33.0,Active,0,0
1843384,100011,-41,0.0,180000,0.0,0.0,0.0,0.0,0.0,563.355,0.0,0.0,-563.355,-563.355,0.0,0,0.0,0.0,33.0,Active,0,0
1843384,100011,-69,166628.16,180000,0.0,0.0,0.0,0.0,9000.0,9000.0,9000.0,161289.72,166628.16,166628.16,0.0,0,0.0,0.0,6.0,Active,0,0
1843384,100011,-59,126455.04,180000,0.0,0.0,0.0,0.0,9000.0,9000.0,9000.0,121734.63,126455.04,126455.04,0.0,0,0.0,0.0,16.0,Active,0,0
1843384,100011,-45,59544.765,180000,0.0,0.0,0.0,0.0,9000.0,9000.0,9000.0,55806.705,59544.765,59544.765,0.0,0,0.0,0.0,30.0,Active,0,0
1843384,100011,-34,0.0,180000,0.0,0.0,0.0,0.0,0.0,563.355,0.0,0.0,0.0,0.0,0.0,0,0.0,0.0,33.0,Active,0,0
1843384,100011,-40,0.0,180000,0.0,0.0,0.0,0.0,0.0,563.355,0.0,0.0,-563.355,-563.355,0.0,0,0.0,0.0,33.0,Active,0,0
2594025,100021,-12,0.0,675000,,0.0,,,0.0,,0.0,0.0,0.0,0.0,,0,,,0.0,Active,0,0
2594025,100021,-14,0.0,675000,,0.0,,,0.0,,0.0,0.0,0.0,0.0,,0,,,0.0,Active,0,0
2594025,100021,-3,0.0,675000,,0.0,,,0.0,,0.0,0.0,0.0,0.0,,0,,,0.0,Completed,0,0
2594025,100021,-5,0.0,675000,,0.0,,,0.0,,0.0,0.0,0.0,0.0,,0,,,0.0,Completed,0,0
2594025,100021,-6,0.0,675000,,0.0,,,0.0,,0.0,0.0,0.0,0.0,,0,,,0.0,Completed,0,0
2594025,100021,-8,0.0,675000,,0.0,,,0.0,,0.0,0.0,0.0,0.0,,0,,,0.0,Completed,0,0
2594025,100021,-18,0.0,675000,,0.0,,,0.0,,0.0,0.0,0.0,0.0,,0,,,0.0,Active,0,0
2594025,100021,-4,0.0,675000,,0.0,,,0.0,,0.0,0.0,0.0,0.0,,0,,,0.0,Completed,0,0
2594025,100021,-11,0.0,675000,,0.0,,,0.0,,0.0,0.0,0.0,0.0,,0,,,0.0,Completed,0,0
2594025,100021,-7,0.0,675000,,0.0,,,0.0,,0.0,0.0,0.0,0.0,,0,,,0.0,Completed,0,0
2594025,100021,-9,0.0,675000,,0.0,,,0.0,,0.0,0.0,0.0,0.0,,0,,,0.0,Completed,0,0
2594025,100021,-10,0.0,675000,,0.0,,,0.0,,0.0,0.0,0.0,0.0,,0,,,0.0,Completed,0,0
2594025,100021,-15,0.0,675000,,0.0,,,0.0,,0.0,0.0,0.0,0.0,,0,,,0.0,Active,0,0
2594025,100021,-16,0.0,675000,,0.0,,,0.0,,0.0,0.0,0.0,0.0,,0,,,0.0,Active,0,0
2594025,100021,-2,0.0,675000,,0.0,,,0.0,,0.0,0.0,0.0,0.0,,0,,,0.0,Completed,0,0
2594025,100021,-13,0.0,675000,,0.0,,,0.0,,0.0,0.0,0.0,0.0,,0,,,0.0,Active,0,0
2594025,100021,-17,0.0,675000,,0.0,,,0.0,,0.0,0.0,0.0,0.0,,0,,,0.0,Active,0,0
1499902,100023,-6,0.0,225000,,0.0,,,0.0,,0.0,0.0,0.0,0.0,,0,,,0.0,Active,0,0
1499902,100023,-9,0.0,45000,,0.0,,,0.0,,0.0,0.0,0.0,0.0,,0,,,0.0,Active,0,0
1499902,100023,-4,0.0,225000,,0.0,,,0.0,,0.0,0.0,0.0,0.0,,0,,,0.0,Active,0,0
1499902,100023,-11,0.0,45000,,0.0,,,0.0,,0.0,0.0,0.0,0.0,,0,,,0.0,Active,0,0
1499902,100023,-7,0.0,225000,,0.0,,,0.0,,0.0,0.0,0.0,0.0,,0,,,0.0,Active,0,0
1499902,100023,-5,0.0,225000,,0.0,,,0.0,,0.0,0.0,0.0,0.0,,0,,,0.0,Active,0,0
1499902,100023,-10,0.0,45000,,0.0,,,0.0,,0.0,0.0,0.0,0.0,,0,,,0.0,Active,0,0
1499902,100023,-8,0.0,45000,,0.0,,,0.0,,0.0,0.0,0.0,0.0,,0,,,0.0,Active,0,0
1914954,100028,-8,0.0,225000,0.0,0.0,0.0,0.0,6438.33,6440.67,6440.67,0.0,0.0,0.0,0.0,0,0.0,0.0,33.0,Active,0,0
1914954,100028,-24,13363.2,225000,0.0,10312.785,0.0,10312.785,11250.0,11250.0,11250.0,12656.025,13363.2,13363.2,0.0,4,0.0,4.0,17.0,Active,0,0
1914954,100028,-1,37335.915,225000,0.0,22823.55,0.0,22823.55,11250.0,11250.0,11250.0,36270.675,36980.415,36980.415,0.0,4,0.0,4.0,35.0,Active,0,0
1914954,100028,-40,9137.07,225000,0.0,0.0,0.0,0.0,11250.0,11250.0,11250.0,8279.055,9137.07,9137.07,0.0,0,0.0,0.0,3.0,Active,0,0
1914954,100028,-2,24710.085,225000,0.0,15009.615,0.0,15009.615,11250.0,11250.0,11250.0,23981.445,24354.585,24354.585,0.0,9,0.0,9.0,34.0,Active,0,0
1914954,100028,-21,10670.4,225000,0.0,10839.6,0.0,10839.6,9150.3,5175.0,5175.0,10314.9,10670.4,10670.4,0.0,3,0.0,3.0,20.0,Active,0,0
1914954,100028,-34,14204.925,225000,0.0,16621.515,0.0,16621.515,3448.485,6300.0,6300.0,13770.0,14204.925,14204.925,0.0,7,0.0,7.0,9.0,Active,0,0
1914954,100028,-14,8600.805,225000,0.0,8383.5,0.0,8383.5,9986.805,10125.0,10125.0,8245.305,8245.305,8245.305,0.0,3,0.0,3.0,27.0,Active,0,0
1914954,100028,-6,0.0,225000,0.0,0.0,0.0,0.0,0.0,1.17,1.17,0.0,0.0,0.0,0.0,0,0.0,0.0,33.0,Active,0,0
1914954,100028,-26,6465.555,225000,0.0,0.0,0.0,0.0,2029.905,2250.0,2250.0,6110.055,6465.555,6465.555,0.0,0,0.0,0.0,15.0,Active,0,0
1914954,100028,-41,19654.83,225000,0.0,0.0,0.0,0.0,143.325,225.0,225.0,17821.8,19654.83,19654.83,0.0,0,0.0,0.0,2.0,Active,0,0
1914954,100028,-13,11342.025,225000,0.0,11385.72,0.0,11385.72,8600.805,9000.0,9000.0,10986.525,10986.525,10986.525,0.0,3,0.0,3.0,28.0,Active,0,0
1914954,100028,-15,9986.805,225000,0.0,9839.475,0.0,9839.475,7666.83,7875.0,7875.0,9631.305,9631.305,9631.305,0.0,3,0.0,3.0,26.0,Active,0,0
1914954,100028,-17,7101.09,225000,0.0,0.0,0.0,0.0,11250.0,11250.0,11250.0,6365.835,6745.59,6745.59,0.0,0,0.0,0.0,24.0,Active,0,0
1914954,100028,-39,45.585,225000,0.0,0.0,0.0,0.0,9095.355,9354.645,9225.0,0.0,45.585,45.585,0.0,0,0.0,0.0,4.0,Active,0,0
1914954,100028,-4,0.0,225000,0.0,0.0,0.0,0.0,0.0,1.17,1.17,0.0,0.0,0.0,0.0,0,0.0,0.0,33.0,Active,0,0
1914954,100028,-12,16717.41,225000,0.0,18125.19,0.0,18125.19,8772.525,13275.0,13275.0,16192.215,16361.91,16361.91,0.0,12,0.0,12.0,29.0,Active,0,0
1914954,100028,-31,0.0,225000,0.0,0.0,0.0,0.0,6559.47,6940.53,6918.705,0.0,0.0,0.0,0.0,0,0.0,0.0,12.0,Active,0,0
1914954,100028,-7,0.0,225000,0.0,0.0,0.0,0.0,0.0,1.17,1.17,0.0,0.0,0.0,0.0,0,0.0,0.0,33.0,Active,0,0
1914954,100028,-44,9922.815,225000,9000.0,9000.0,0.0,0.0,,,0.0,9000.0,9027.315,9027.315,1.0,1,0.0,0.0,,Active,0,0
1914954,100028,-36,6047.325,225000,0.0,5756.265,0.0,5756.265,3535.56,3600.0,3600.0,5691.825,6047.325,6047.325,0.0,3,0.0,3.0,7.0,Active,0,0
1914954,100028,-27,8360.055,225000,0.0,8245.8,0.0,8245.8,7560.09,7650.0,7650.0,8155.89,8360.055,8360.055,0.0,6,0.0,6.0,14.0,Active,0,0
1914954,100028,-30,0.0,225000,0.0,0.0,0.0,0.0,21.825,168.705,168.705,0.0,0.0,0.0,0.0,0,0.0,0.0,13.0,Active,0,0
1914954,100028,-32,6576.435,225000,0.0,2280.96,0.0,2280.96,11250.0,11250.0,11250.0,5843.115,6576.435,6576.435,0.0,2,0.0,2.0,11.0,Active,0,0
1914954,100028,-3,20221.83,225000,0.0,19867.5,0.0,19867.5,0.0,0.0,0.0,19866.33,19866.33,19866.33,0.0,9,0.0,9.0,33.0,Active,0,0
1914954,100028,-47,0.0,225000,,0.0,,,,,0.0,0.0,0.0,0.0,,0,,,,Active,0,0
1914954,100028,-29,2183.58,225000,0.0,2352.285,0.0,2352.285,0.0,168.705,168.705,2183.58,2183.58,2183.58,0.0,1,0.0,1.0,13.0,Active,0,0
1914954,100028,-20,3720.6,225000,0.0,6194.7,0.0,6194.7,4864.545,9225.0,4950.0,3720.6,4076.1,4076.1,0.0,2,0.0,2.0,21.0,Active,0,0
1914954,100028,-18,17615.835,225000,0.0,17964.855,0.0,17964.855,6197.13,8550.0,8550.0,17260.335,17260.335,17260.335,0.0,7,0.0,7.0,23.0,Active,0,0
1914954,100028,-11,18248.895,225000,0.0,16552.26,0.0,16552.26,11250.0,15750.0,15750.0,17519.67,17893.395,17893.395,0.0,6,0.0,6.0,30.0,Active,0,0
1914954,100028,-33,14812.155,225000,0.0,7451.73,0.0,7451.73,7198.425,7200.0,7200.0,14456.655,14812.155,14812.155,0.0,2,0.0,2.0,10.0,Active,0,0
1914954,100028,-23,7431.3,225000,0.0,3649.77,0.0,3649.77,10084.05,10125.0,10125.0,6878.385,7431.3,7431.3,0.0,3,0.0,3.0,18.0,Active,0,0
1914954,100028,-25,13593.24,225000,0.0,13522.185,0.0,13522.185,6465.555,6750.0,6750.0,13237.74,13593.24,13593.24,0.0,5,0.0,5.0,16.0,Active,0,0
1914954,100028,-49,0.0,225000,,0.0,,,,,0.0,0.0,0.0,0.0,,0,,,,Active,0,0
1914954,100028,-38,6330.06,225000,0.0,6153.975,0.0,6153.975,175.23,225.0,225.0,5974.56,6330.06,6330.06,0.0,3,0.0,3.0,5.0,Active,0,0
1914954,100028,-10,7888.545,225000,0.0,0.0,0.0,0.0,11250.0,11250.0,11250.0,6998.895,7533.045,7533.045,0.0,0,0.0,0.0,31.0,Active,0,0
1914954,100028,-19,7845.48,225000,0.0,8449.74,0.0,8449.74,7926.3,9000.0,9000.0,7445.34,7845.48,7845.48,0.0,5,0.0,5.0,22.0,Active,0,0
1914954,100028,-48,0.0,225000,,0.0,,,,,0.0,0.0,0.0,0.0,,0,,,,Active,0,0
1914954,100028,-43,8269.425,225000,0.0,0.0,0.0,0.0,,2250.0,2250.0,6750.0,8269.425,8269.425,0.0,0,0.0,0.0,,Active,0,0
1914954,100028,-9,6438.33,225000,0.0,5996.835,0.0,5996.835,7855.11,7875.0,7875.0,5976.945,6082.83,6082.83,0.0,3,0.0,3.0,32.0,Active,0,0
1914954,100028,-46,0.0,225000,,0.0,,,,,0.0,0.0,0.0,0.0,,0,,,,Active,0,0
1914954,100028,-35,3448.485,225000,0.0,1891.17,0.0,1891.17,4764.825,4950.0,4950.0,2988.495,3448.485,3448.485,0.0,2,0.0,2.0,8.0,Active,0,0
1914954,100028,-45,0.0,225000,,0.0,,,,,0.0,0.0,0.0,0.0,,0,,,,Active,0,0
1914954,100028,-22,150.3,225000,0.0,9013.5,0.0,9013.5,7431.3,12150.0,7650.0,150.3,505.8,505.8,0.0,3,0.0,3.0,19.0,Active,0,0
1914954,100028,-37,3535.56,225000,0.0,3600.0,0.0,3600.0,6330.06,6750.0,6750.0,3180.06,3535.56,3535.56,0.0,1,0.0,1.0,6.0,Active,0,0
1914954,100028,-16,7666.83,225000,0.0,7358.13,0.0,7358.13,7070.67,7200.0,7200.0,7228.8,7311.33,7311.33,0.0,2,0.0,2.0,25.0,Active,0,0
1914954,100028,-5,0.0,225000,0.0,0.0,0.0,0.0,0.0,1.17,1.17,0.0,0.0,0.0,0.0,0,0.0,0.0,33.0,Active,0,0
1914954,100028,-42,18964.98,225000,18000.0,18000.0,0.0,0.0,8228.475,8421.525,8325.0,18000.0,18064.98,18064.98,1.0,1,0.0,0.0,1.0,Active,0,0
1914954,100028,-28,7560.09,225000,0.0,5021.01,0.0,5021.01,0.0,0.0,0.0,7204.59,7560.09,7560.09,0.0,2,0.0,2.0,13.0,Active,0,0
2621538,100036,-5,0.0,90000,,0.0,,,0.0,,0.0,0.0,0.0,0.0,,0,,,0.0,Active,0,0
2621538,100036,-7,0.0,90000,,0.0,,,0.0,,0.0,0.0,0.0,0.0,,0,,,0.0,Active,0,0
2621538,100036,-10,0.0,90000,,0.0,,,0.0,,0.0,0.0,0.0,0.0,,0,,,0.0,Active,0,0
2621538,100036,-2,0.0,90000,,0.0,,,0.0,,0.0,0.0,0.0,0.0,,0,,,0.0,Active,0,0
2621538,100036,-13,0.0,45000,,0.0,,,0.0,,0.0,0.0,0.0,0.0,,0,,,0.0,Active,0,0
2621538,100036,-11,0.0,45000,,0.0,,,0.0,,0.0,0.0,0.0,0.0,,0,,,0.0,Active,0,0
2621538,100036,-6,0.0,90000,,0.0,,,0.0,,0.0,0.0,0.0,0.0,,0,,,0.0,Active,0,0
2621538,100036,-8,0.0,90000,,0.0,,,0.0,,0.0,0.0,0.0,0.0,,0,,,0.0,Active,0,0
2621538,100036,-12,0.0,45000,,0.0,,,0.0,,0.0,0.0,0.0,0.0,,0,,,0.0,Active,0,0
2621538,100036,-9,0.0,90000,,0.0,,,0.0,,0.0,0.0,0.0,0.0,,0,,,0.0,Active,0,0
2621538,100036,-3,0.0,90000,,0.0,,,0.0,,0.0,0.0,0.0,0.0,,0,,,0.0,Active,0,0
2621538,100036,-4,0.0,90000,,0.0,,,0.0,,0.0,0.0,0.0,0.0,,0,,,0.0,Active,0,0
2137382,100042,-80,83201.625,90000,0.0,0.0,0.0,0.0,4500.0,7942.5,7942.5,80551.215,83201.625,83201.625,0.0,0,0.0,0.0,4.0,Active,0,0
2137382,100042,-12,0.0,45000,0.0,0.0,0.0,0.0,0.0,32.85,0.0,0.0,0.0,0.0,0.0,0,0.0,0.0,39.0,Active,0,0
2137382,100042,-21,0.0,45000,0.0,0.0,0.0,0.0,0.0,32.85,0.0,0.0,0.0,0.0,0.0,0,0.0,0.0,39.0,Active,0,0
2137382,100042,-5,0.0,45000,0.0,0.0,0.0,0.0,0.0,32.85,0.0,0.0,0.0,0.0,0.0,0,0.0,0.0,39.0,Active,0,0
2137382,100042,-17,0.0,45000,0.0,0.0,0.0,0.0,0.0,32.85,0.0,0.0,0.0,0.0,0.0,0,0.0,0.0,39.0,Active,0,0
2137382,100042,-68,54106.29,90000,0.0,0.0,0.0,0.0,4500.0,9000.0,9000.0,51842.43,54106.29,54106.29,0.0,0,0.0,0.0,16.0,Active,0,0
2137382,100042,-1,0.0,45000,0.0,0.0,0.0,0.0,0.0,32.85,0.0,0.0,0.0,0.0,0.0,0,0.0,0.0,39.0,Active,0,0
2137382,100042,-14,0.0,45000,0.0,0.0,0.0,0.0,0.0,32.85,0.0,0.0,0.0,0.0,0.0,0,0.0,0.0,39.0,Active,0,0
2137382,100042,-37,0.0,90000,0.0,0.0,0.0,0.0,0.0,32.85,0.0,0.0,0.0,0.0,0.0,0,0.0,0.0,39.0,Active,0,0
2137382,100042,-49,72140.535,90000,0.0,1775.79,0.0,1775.79,4500.0,13500.0,13500.0,69603.57,72140.535,72140.535,0.0,2,0.0,2.0,35.0,Active,0,0
2137382,100042,-25,0.0,90000,0.0,0.0,0.0,0.0,0.0,32.85,0.0,0.0,0.0,0.0,0.0,0,0.0,0.0,39.0,Active,0,0
2137382,100042,-2,0.0,45000,0.0,0.0,0.0,0.0,0.0,32.85,0.0,0.0,0.0,0.0,0.0,0,0.0,0.0,39.0,Active,0,0
2137382,100042,-63,76245.885,90000,0.0,0.0,0.0,0.0,4500.0,17685.0,17685.0,73689.12,76245.885,76245.885,0.0,0,0.0,0.0,21.0,Active,0,0
2137382,100042,-62,87803.865,90000,15750.0,15750.0,0.0,0.0,4500.0,9000.0,9000.0,82995.885,87803.865,87803.865,2.0,2,0.0,0.0,22.0,Active,0,0
2137382,100042,-55,65544.975,90000,0.0,0.0,0.0,0.0,4500.0,20385.0,20385.0,63048.105,65544.975,65544.975,0.0,0,0.0,0.0,29.0,Active,0,0
2137382,100042,-45,0.0,90000,0.0,0.0,0.0,0.0,763.965,796.815,0.0,0.0,0.0,0.0,0.0,0,0.0,0.0,39.0,Active,0,0
2137382,100042,-9,0.0,45000,0.0,0.0,0.0,0.0,0.0,32.85,0.0,0.0,0.0,0.0,0.0,0,0.0,0.0,39.0,Active,0,0
2137382,100042,-58,82817.37,90000,0.0,0.0,0.0,0.0,4500.0,9000.0,9000.0,80112.33,82817.37,82817.37,0.0,0,0.0,0.0,26.0,Active,0,0
2137382,100042,-15,0.0,45000,0.0,0.0,0.0,0.0,0.0,32.85,0.0,0.0,0.0,0.0,0.0,0,0.0,0.0,39.0,Active,0,0
2137382,100042,-75,81658.35,90000,18000.0,18000.0,0.0,0.0,4500.0,13500.0,13500.0,77355.0,81658.35,81658.35,2.0,2,0.0,0.0,9.0,Active,0,0
2137382,100042,-69,60842.43,90000,22500.0,22500.0,0.0,0.0,4500.0,13500.0,13500.0,56258.91,60842.43,60842.43,2.0,2,0.0,0.0,15.0,Active,0,0
2137382,100042,-54,92211.93,90000,0.0,86580.0,86580.0,0.0,4500.0,66150.0,66150.0,85974.975,92211.93,92211.93,0.0,1,1.0,0.0,30.0,Active,0,0
2137382,100042,-20,0.0,45000,0.0,0.0,0.0,0.0,0.0,32.85,0.0,0.0,0.0,0.0,0.0,0,0.0,0.0,39.0,Active,0,0
2137382,100042,-50,81327.78,90000,0.0,6851.25,0.0,6851.25,4500.0,9000.0,9000.0,78745.77,81327.78,81327.78,0.0,1,0.0,1.0,34.0,Active,0,0
2137382,100042,-3,0.0,45000,0.0,0.0,0.0,0.0,0.0,32.85,0.0,0.0,0.0,0.0,0.0,0,0.0,0.0,39.0,Active,0,0
2137382,100042,-73,59743.8,90000,0.0,0.0,0.0,0.0,4500.0,13500.0,13500.0,57411.585,59743.8,59743.8,0.0,0,0.0,0.0,11.0,Active,0,0
2137382,100042,-11,0.0,45000,0.0,0.0,0.0,0.0,0.0,32.85,0.0,0.0,0.0,0.0,0.0,0,0.0,0.0,39.0,Active,0,0
2137382,100042,-32,0.0,90000,0.0,0.0,0.0,0.0,0.0,32.85,0.0,0.0,0.0,0.0,0.0,0,0.0,0.0,39.0,Active,0,0
2137382,100042,-82,90097.47,90000,0.0,14544.0,14544.0,0.0,4500.0,4342.5,4342.5,86870.97,90097.47,90097.47,0.0,1,1.0,0.0,2.0,Active,1,0
2137382,100042,-51,80894.52,90000,0.0,7074.0,0.0,7074.0,4500.0,9000.0,9000.0,78419.52,80894.52,80894.52,0.0,1,0.0,1.0,33.0,Active,0,0
2137382,100042,-22,0.0,90000,0.0,0.0,0.0,0.0,0.0,32.85,0.0,0.0,0.0,0.0,0.0,0,0.0,0.0,39.0,Active,0,0
2137382,100042,-4,0.0,45000,0.0,0.0,0.0,0.0,0.0,32.85,0.0,0.0,0.0,0.0,0.0,0,0.0,0.0,39.0,Active,0,0
2137382,100042,-10,0.0,45000,0.0,0.0,0.0,0.0,0.0,32.85,0.0,0.0,0.0,0.0,0.0,0,0.0,0.0,39.0,Active,0,0
2137382,100042,-74,70911.585,90000,0.0,0.0,0.0,0.0,4500.0,13275.0,13275.0,68383.35,70911.585,70911.585,0.0,0,0.0,0.0,10.0,Active,0,0
2137382,100042,-13,0.0,45000,0.0,0.0,0.0,0.0,0.0,32.85,0.0,0.0,0.0,0.0,0.0,0,0.0,0.0,39.0,Active,0,0
2137382,100042,-52,80345.52,90000,0.0,0.0,0.0,0.0,4500.0,9000.0,9000.0,77679.945,80345.52,80345.52,0.0,0,0.0,0.0,32.0,Active,0,0
2137382,100042,-48,75799.44,90000,9000.0,9000.0,0.0,0.0,4500.0,9000.0,9000.0,72140.535,75799.44,75799.44,1.0,1,0.0,0.0,36.0,Active,0,0
2137382,100042,-60,90906.525,90000,9000.0,9000.0,0.0,0.0,4500.0,9000.0,9000.0,87096.15,90906.525,90906.525,1.0,1,0.0,0.0,24.0,Active,0,0
2137382,100042,-33,0.0,90000,0.0,0.0,0.0,0.0,0.0,32.85,0.0,0.0,0.0,0.0,0.0,0,0.0,0.0,39.0,Active,0,0
2137382,100042,-16,0.0,45000,0.0,0.0,0.0,0.0,0.0,32.85,0.0,0.0,0.0,0.0,0.0,0,0.0,0.0,39.0,Active,0,0
2137382,100042,-84,71911.125,90000,0.0,68175.0,68175.0,0.0,,0.0,0.0,68175.0,71911.125,71911.125,0.0,1,1.0,0.0,,Active,0,0
2137382,100042,-29,0.0,90000,0.0,0.0,0.0,0.0,0.0,32.85,0.0,0.0,0.0,0.0,0.0,0,0.0,0.0,39.0,Active,0,0
2137382,100042,-34,0.0,90000,0.0,0.0,0.0,0.0,0.0,32.85,0.0,0.0,0.0,0.0,0.0,0,0.0,0.0,39.0,Active,0,0
2137382,100042,-83,76669.47,90000,0.0,11362.5,11362.5,0.0,4500.0,8887.5,8887.5,74386.125,76669.47,76669.47,0.0,1,1.0,0.0,1.0,Active,0,0
2137382,100042,-46,763.965,90000,0.0,0.0,0.0,0.0,4500.0,70020.0,70020.0,0.0,-32.85,-32.85,0.0,0,0.0,0.0,38.0,Active,0,0
2137382,100042,-53,86679.945,90000,0.0,741.6,0.0,741.6,4500.0,9000.0,9000.0,83953.53,86679.945,86679.945,0.0,2,0.0,2.0,31.0,Active,0,0
2137382,100042,-59,89112.33,90000,0.0,0.0,0.0,0.0,4500.0,4500.0,4500.0,86406.525,89112.33,89112.33,0.0,0,0.0,0.0,25.0,Active,0,0
2137382,100042,-77,83568.51,90000,0.0,0.0,0.0,0.0,4500.0,8775.0,8775.0,80880.57,83568.51,83568.51,0.0,0,0.0,0.0,7.0,Active,0,0
2137382,100042,-41,0.0,90000,0.0,0.0,0.0,0.0,0.0,32.85,0.0,0.0,0.0,0.0,0.0,0,0.0,0.0,39.0,Active,0,0
2137382,100042,-18,0.0,45000,0.0,0.0,0.0,0.0,0.0,32.85,0.0,0.0,0.0,0.0,0.0,0,0.0,0.0,39.0,Active,0,0
2137382,100042,-67,42755.085,90000,0.0,0.0,0.0,0.0,4500.0,13500.0,13500.0,40606.29,42755.085,42755.085,0.0,0,0.0,0.0,17.0,Active,0,0
2137382,100042,-56,83433.105,90000,0.0,2950.65,0.0,2950.65,4500.0,9000.0,9000.0,80812.8,83433.105,83433.105,0.0,1,0.0,1.0,28.0,Active,0,0
2137382,100042,-72,48456.315,90000,0.0,0.0,0.0,0.0,4500.0,13500.0,13500.0,46243.8,48456.315,48456.315,0.0,0,0.0,0.0,12.0,Active,0,0
2137382,100042,-44,0.0,90000,0.0,0.0,0.0,0.0,0.0,32.85,0.0,0.0,0.0,0.0,0.0,0,0.0,0.0,39.0,Active,0,0
2137382,100042,-6,0.0,45000,0.0,0.0,0.0,0.0,0.0,32.85,0.0,0.0,0.0,0.0,0.0,0,0.0,0.0,39.0,Active,0,0
2137382,100042,-64,91374.12,90000,0.0,0.0,0.0,0.0,4500.0,4500.0,4500.0,87108.885,91374.12,91374.12,0.0,0,0.0,0.0,20.0,Active,0,0
2137382,100042,-81,88493.715,90000,0.0,0.0,0.0,0.0,4500.0,4342.5,4342.5,85754.97,88493.715,88493.715,0.0,0,0.0,0.0,3.0,Active,1,0
2137382,100042,-28,0.0,90000,0.0,0.0,0.0,0.0,0.0,32.85,0.0,0.0,0.0,0.0,0.0,0,0.0,0.0,39.0,Active,0,0
2137382,100042,-26,0.0,90000,0.0,0.0,0.0,0.0,0.0,32.85,0.0,0.0,0.0,0.0,0.0,0,0.0,0.0,39.0,Active,0,0
2137382,100042,-38,0.0,90000,0.0,0.0,0.0,0.0,0.0,32.85,0.0,0.0,0.0,0.0,0.0,0,0.0,0.0,39.0,Active,0,0
2137382,100042,-79,72269.055,90000,0.0,0.0,0.0,0.0,4500.0,13500.0,13500.0,69701.625,72269.055,72269.055,0.0,0,0.0,0.0,5.0,Active,0,0
2137382,100042,-57,86862.15,90000,4500.0,9281.7,0.0,4781.7,4500.0,9000.0,9000.0,83099.07,86862.15,86862.15,1.0,2,0.0,1.0,27.0,Active,0,0
2137382,100042,-39,0.0,90000,0.0,0.0,0.0,0.0,0.0,32.85,0.0,0.0,0.0,0.0,0.0,0,0.0,0.0,39.0,Active,0,0
2137382,100042,-47,69223.185,90000,0.0,0.0,0.0,0.0,4500.0,9000.0,9000.0,66799.44,69223.185,69223.185,0.0,0,0.0,0.0,37.0,Active,0,0
2137382,100042,-30,0.0,90000,0.0,0.0,0.0,0.0,0.0,32.85,0.0,0.0,0.0,0.0,0.0,0,0.0,0.0,39.0,Active,0,0
2137382,100042,-43,0.0,90000,0.0,0.0,0.0,0.0,0.0,32.85,0.0,0.0,0.0,0.0,0.0,0,0.0,0.0,39.0,Active,0,0
2137382,100042,-78,89655.57,90000,0.0,27270.0,27270.0,0.0,4500.0,13275.0,13275.0,86264.055,89655.57,89655.57,0.0,1,1.0,0.0,6.0,Active,0,0
2137382,100042,-76,72855.0,90000,0.0,0.0,0.0,0.0,4500.0,13275.0,13275.0,70293.51,72855.0,72855.0,0.0,0,0.0,0.0,8.0,Active,0,0
2137382,100042,-70,47258.91,90000,27000.0,27000.0,0.0,0.0,4500.0,13500.0,13500.0,43184.52,47258.91,47258.91,2.0,2,0.0,0.0,14.0,Active,0,0
2137382,100042,-31,0.0,90000,0.0,0.0,0.0,0.0,0.0,32.85,0.0,0.0,0.0,0.0,0.0,0,0.0,0.0,39.0,Active,0,0
2137382,100042,-24,0.0,90000,0.0,0.0,0.0,0.0,0.0,32.85,0.0,0.0,0.0,0.0,0.0,0,0.0,0.0,39.0,Active,0,0
2137382,100042,-7,0.0,45000,0.0,0.0,0.0,0.0,0.0,32.85,0.0,0.0,0.0,0.0,0.0,0,0.0,0.0,39.0,Active,0,0
2137382,100042,-66,4078.8,90000,40500.0,40500.0,0.0,0.0,4500.0,87975.0,87975.0,0.0,0.0,0.0,3.0,3,0.0,0.0,18.0,Active,0,0
2137382,100042,-42,0.0,90000,0.0,0.0,0.0,0.0,0.0,32.85,0.0,0.0,0.0,0.0,0.0,0,0.0,0.0,39.0,Active,0,0
2137382,100042,-71,29684.52,90000,27000.0,27000.0,0.0,0.0,4500.0,48735.0,48735.0,26721.315,29684.52,29684.52,1.0,1,0.0,0.0,13.0,Active,0,0
2137382,100042,-23,0.0,90000,0.0,0.0,0.0,0.0,0.0,32.85,0.0,0.0,0.0,0.0,0.0,0,0.0,0.0,39.0,Active,0,0
2137382,100042,-65,93118.455,90000,87750.0,87750.0,0.0,0.0,4078.8,4719.915,0.0,87108.885,93118.455,93118.455,3.0,3,0.0,0.0,19.0,Active,0,0
2137382,100042,-27,0.0,90000,0.0,0.0,0.0,0.0,0.0,32.85,0.0,0.0,0.0,0.0,0.0,0,0.0,0.0,39.0,Active,0,0
2137382,100042,-40,0.0,90000,0.0,0.0,0.0,0.0,0.0,32.85,0.0,0.0,0.0,0.0,0.0,0,0.0,0.0,39.0,Active,0,0
2137382,100042,-36,0.0,90000,0.0,0.0,0.0,0.0,0.0,32.85,0.0,0.0,0.0,0.0,0.0,0,0.0,0.0,39.0,Active,0,0
2137382,100042,-8,0.0,45000,0.0,0.0,0.0,0.0,0.0,32.85,0.0,0.0,0.0,0.0,0.0,0,0.0,0.0,39.0,Active,0,0
2137382,100042,-19,0.0,45000,0.0,0.0,0.0,0.0,0.0,32.85,0.0,0.0,0.0,0.0,0.0,0,0.0,0.0,39.0,Active,0,0
2137382,100042,-61,87096.15,90000,4500.0,4500.0,0.0,0.0,4500.0,9000.0,9000.0,83303.865,87096.15,87096.15,1.0,1,0.0,0.0,23.0,Active,0,0
2137382,100042,-35,0.0,90000,0.0,0.0,0.0,0.0,0.0,32.85,0.0,0.0,0.0,0.0,0.0,0,0.0,0.0,39.0,Active,0,0
1557583,100043,-29,382336.92,427500,0.0,0.0,0.0,0.0,20493.225,22500.0,2572.11,376057.575,382336.92,382336.92,0.0,0,0.0,0.0,3.0,Active,0,0
1557583,100043,-4,0.0,45000,0.0,0.0,0.0,0.0,0.0,0.0,0.0,0.0,0.0,0.0,0.0,0,0.0,0.0,20.0,Active,0,0
1557583,100043,-5,0.0,45000,0.0,0.0,0.0,0.0,0.0,0.0,0.0,0.0,0.0,0.0,0.0,0,0.0,0.0,20.0,Active,0,0
1557583,100043,-23,394167.33,427500,0.0,0.0,0.0,0.0,20989.665,43650.0,23120.235,388095.345,394167.33,394167.33,0.0,0,0.0,0.0,9.0,Active,0,0
1557583,100043,-12,0.0,45000,0.0,0.0,0.0,0.0,281.16,0.0,0.0,0.0,0.0,0.0,0.0,0,0.0,0.0,20.0,Active,0,0
1557583,100043,-18,342162.405,427500,0.0,0.0,0.0,0.0,18288.675,17100.0,0.0,336942.81,342162.405,342162.405,0.0,0,0.0,0.0,14.0,Active,0,0
1557583,100043,-19,349441.65,427500,0.0,0.0,0.0,0.0,18912.24,22050.0,3761.325,343723.32,349441.65,349441.65,0.0,0,0.0,0.0,13.0,Active,0,0
1557583,100043,-15,3370.14,427500,0.0,0.0,0.0,0.0,16876.125,333000.0,316515.69,0.0,281.16,281.16,0.0,0,0.0,0.0,17.0,Active,0,0
1557583,100043,-20,361005.21,427500,0.0,0.0,0.0,0.0,19463.31,22050.0,3137.76,356194.935,361005.21,361005.21,0.0,0,0.0,0.0,12.0,Active,0,0
1557583,100043,-9,0.0,45000,0.0,0.0,0.0,0.0,0.0,0.0,0.0,0.0,0.0,0.0,0.0,0,0.0,0.0,20.0,Active,0,0
1557583,100043,-7,0.0,45000,0.0,0.0,0.0,0.0,0.0,0.0,0.0,0.0,0.0,0.0,0.0,0,0.0,0.0,20.0,Active,0,0
1557583,100043,-11,0.0,45000,0.0,0.0,0.0,0.0,0.0,0.0,0.0,0.0,0.0,0.0,0.0,0,0.0,0.0,20.0,Active,0,0
1557583,100043,-16,325621.125,427500,0.0,0.0,0.0,0.0,17265.645,16875.0,0.0,320647.635,325621.125,325621.125,0.0,0,0.0,0.0,16.0,Active,0,0
1557583,100043,-32,401864.085,427500,0.0,0.0,0.0,0.0,,22500.0,1281.78,401864.085,401864.085,401864.085,0.0,0,0.0,0.0,,Active,0,0
1557583,100043,-25,435861.585,427500,67500.0,67500.0,0.0,0.0,18361.17,18585.0,18585.0,416138.31,433170.585,433170.585,2.0,2,0.0,0.0,7.0,Active,0,0
1557583,100043,-14,281.16,427500,0.0,0.0,0.0,0.0,16484.31,3088.98,838.98,0.0,281.16,281.16,0.0,0,0.0,0.0,18.0,Active,0,0
1557583,100043,-13,0.0,427500,0.0,0.0,0.0,0.0,2250.0,281.16,0.0,0.0,0.0,0.0,0.0,0,0.0,0.0,19.0,Active,0,0
1557583,100043,-1,0.0,22500,0.0,0.0,0.0,0.0,0.0,0.0,0.0,0.0,0.0,0.0,0.0,0,0.0,0.0,20.0,Active,0,0
1557583,100043,-3,0.0,45000,0.0,0.0,0.0,0.0,0.0,0.0,0.0,0.0,0.0,0.0,0.0,0,0.0,0.0,20.0,Active,0,0
1557583,100043,-26,373002.84,427500,0.0,0.0,0.0,0.0,18771.66,18900.0,18900.0,356533.335,373002.84,373002.84,0.0,0,0.0,0.0,6.0,Active,0,0
1557583,100043,-30,393386.355,427500,0.0,0.0,0.0,0.0,21026.475,45000.0,24506.775,387364.545,393386.355,393386.355,0.0,0,0.0,0.0,2.0,Active,0,0
1557583,100043,-24,426405.87,427500,0.0,0.0,0.0,0.0,21475.62,21600.0,21600.0,407912.625,426405.87,426405.87,0.0,0,0.0,0.0,8.0,Active,0,0
1557583,100043,-28,370562.58,427500,0.0,0.0,0.0,0.0,19927.89,22500.0,3132.135,364857.165,370562.58,370562.58,0.0,0,0.0,0.0,4.0,Active,0,0
1557583,100043,-8,0.0,45000,0.0,0.0,0.0,0.0,0.0,0.0,0.0,0.0,0.0,0.0,0.0,0,0.0,0.0,20.0,Active,0,0
1557583,100043,-6,0.0,45000,0.0,0.0,0.0,0.0,0.0,0.0,0.0,0.0,0.0,0.0,0.0,0,0.0,0.0,20.0,Active,0,0
1557583,100043,-10,0.0,45000,0.0,0.0,0.0,0.0,0.0,0.0,0.0,0.0,0.0,0.0,0.0,0,0.0,0.0,20.0,Active,0,0
1557583,100043,-27,381347.82,427500,0.0,0.0,0.0,0.0,19367.865,0.0,0.0,364857.165,381347.82,381347.82,0.0,0,0.0,0.0,5.0,Active,0,0
1557583,100043,-2,0.0,22500,0.0,0.0,0.0,0.0,0.0,0.0,0.0,0.0,0.0,0.0,0.0,0,0.0,0.0,20.0,Active,0,0
1557583,100043,-33,424364.085,427500,0.0,424364.085,0.0,424364.085,,,0.0,424364.085,424364.085,424364.085,0.0,10,0.0,10.0,,Active,0,0
1557583,100043,-22,384206.58,427500,0.0,0.0,0.0,0.0,20529.765,21375.0,1407.6,377973.315,384206.58,384206.58,0.0,0,0.0,0.0,10.0,Active,0,0
1557583,100043,-21,373329.27,427500,0.0,0.0,0.0,0.0,19967.4,22050.0,2586.69,367216.245,373329.27,373329.27,0.0,0,0.0,0.0,11.0,Active,0,0
1557583,100043,-17,333135.135,427500,0.0,0.0,0.0,0.0,17702.145,18900.0,1634.355,327762.495,333135.135,333135.135,0.0,0,0.0,0.0,15.0,Active,0,0
1557583,100043,-31,427043.655,427500,0.0,0.0,0.0,0.0,21218.22,0.0,0.0,401864.085,427043.655,427043.655,0.0,0,0.0,0.0,1.0,Active,0,0
1472630,100047,-16,0.0,450000,,0.0,,,0.0,,0.0,0.0,0.0,0.0,,0,,,0.0,Active,0,0
1472630,100047,-21,0.0,450000,,0.0,,,0.0,,0.0,0.0,0.0,0.0,,0,,,0.0,Active,0,0
1472630,100047,-24,0.0,450000,,0.0,,,,,0.0,0.0,0.0,0.0,,0,,,,Active,0,0
1472630,100047,-34,0.0,450000,,0.0,,,,,0.0,0.0,0.0,0.0,,0,,,,Active,0,0
1472630,100047,-30,0.0,450000,,0.0,,,,,0.0,0.0,0.0,0.0,,0,,,,Active,0,0
1472630,100047,-38,0.0,450000,,0.0,,,,,0.0,0.0,0.0,0.0,,0,,,,Active,0,0
1472630,100047,-29,0.0,450000,,0.0,,,,,0.0,0.0,0.0,0.0,,0,,,,Active,0,0
1472630,100047,-25,0.0,450000,,0.0,,,,,0.0,0.0,0.0,0.0,,0,,,,Active,0,0
1472630,100047,-26,0.0,450000,,0.0,,,,,0.0,0.0,0.0,0.0,,0,,,,Active,0,0
1472630,100047,-5,0.0,45000,,0.0,,,0.0,,0.0,0.0,0.0,0.0,,0,,,0.0,Active,0,0
1472630,100047,-36,0.0,450000,,0.0,,,,,0.0,0.0,0.0,0.0,,0,,,,Active,0,0
1472630,100047,-35,0.0,450000,,0.0,,,,,0.0,0.0,0.0,0.0,,0,,,,Active,0,0
1472630,100047,-19,0.0,450000,,0.0,,,0.0,,0.0,0.0,0.0,0.0,,0,,,0.0,Active,0,0
1472630,100047,-14,0.0,45000,,0.0,,,0.0,,0.0,0.0,0.0,0.0,,0,,,0.0,Active,0,0
1472630,100047,-7,0.0,45000,,0.0,,,0.0,,0.0,0.0,0.0,0.0,,0,,,0.0,Active,0,0
1472630,100047,-10,0.0,45000,,0.0,,,0.0,,0.0,0.0,0.0,0.0,,0,,,0.0,Active,0,0
1472630,100047,-27,0.0,450000,,0.0,,,,,0.0,0.0,0.0,0.0,,0,,,,Active,0,0
1472630,100047,-31,0.0,450000,,0.0,,,,,0.0,0.0,0.0,0.0,,0,,,,Active,0,0
1472630,100047,-13,0.0,45000,,0.0,,,0.0,,0.0,0.0,0.0,0.0,,0,,,0.0,Active,0,0
1472630,100047,-18,0.0,450000,,0.0,,,0.0,,0.0,0.0,0.0,0.0,,0,,,0.0,Active,0,0
1472630,100047,-28,0.0,450000,,0.0,,,,,0.0,0.0,0.0,0.0,,0,,,,Active,0,0
1472630,100047,-32,0.0,450000,,0.0,,,,,0.0,0.0,0.0,0.0,,0,,,,Active,0,0
1472630,100047,-17,0.0,450000,,0.0,,,0.0,,0.0,0.0,0.0,0.0,,0,,,0.0,Active,0,0
1472630,100047,-11,0.0,45000,,0.0,,,0.0,,0.0,0.0,0.0,0.0,,0,,,0.0,Active,0,0
1472630,100047,-12,0.0,45000,,0.0,,,0.0,,0.0,0.0,0.0,0.0,,0,,,0.0,Active,0,0
1472630,100047,-9,0.0,45000,,0.0,,,0.0,,0.0,0.0,0.0,0.0,,0,,,0.0,Active,0,0
1472630,100047,-23,0.0,450000,,0.0,,,,,0.0,0.0,0.0,0.0,,0,,,,Active,0,0
1472630,100047,-4,0.0,45000,,0.0,,,0.0,,0.0,0.0,0.0,0.0,,0,,,0.0,Active,0,0
1472630,100047,-20,0.0,450000,,0.0,,,0.0,,0.0,0.0,0.0,0.0,,0,,,0.0,Active,0,0
1472630,100047,-39,0.0,450000,,0.0,,,,,0.0,0.0,0.0,0.0,,0,,,,Signed,0,0
1472630,100047,-33,0.0,450000,,0.0,,,,,0.0,0.0,0.0,0.0,,0,,,,Active,0,0
1472630,100047,-8,0.0,45000,,0.0,,,0.0,,0.0,0.0,0.0,0.0,,0,,,0.0,Active,0,0
1472630,100047,-15,0.0,450000,,0.0,,,0.0,,0.0,0.0,0.0,0.0,,0,,,0.0,Active,0,0
1472630,100047,-37,0.0,450000,,0.0,,,,,0.0,0.0,0.0,0.0,,0,,,,Active,0,0
1472630,100047,-6,0.0,45000,,0.0,,,0.0,,0.0,0.0,0.0,0.0,,0,,,0.0,Active,0,0
1472630,100047,-22,0.0,450000,,0.0,,,0.0,,0.0,0.0,0.0,0.0,,0,,,0.0,Active,0,0
1060558,100048,-26,115797.96,225000,0.0,31837.5,0.0,31837.5,4585.14,4950.0,4950.0,113639.94,116600.31,116600.31,0.0,1,0.0,1.0,4.0,Active,0,0
1060558,100048,-25,102792.555,225000,0.0,0.0,0.0,0.0,6106.14,11250.0,11250.0,99622.485,103836.195,103836.195,0.0,0,0.0,0.0,5.0,Active,0,0
1060558,100048,-10,0.0,225000,0.0,0.0,0.0,0.0,0.0,1458.27,1458.27,0.0,0.0,0.0,0.0,0,0.0,0.0,17.0,Active,0,0
1060558,100048,-19,149341.365,225000,0.0,0.0,0.0,0.0,8172.27,9000.0,9000.0,145445.805,150683.625,150683.625,0.0,0,0.0,0.0,11.0,Active,0,0
1060558,100048,-12,0.0,225000,0.0,0.0,0.0,0.0,0.0,1458.27,1458.27,0.0,0.0,0.0,0.0,0,0.0,0.0,17.0,Active,0,0
1060558,100048,-28,31388.22,225000,0.0,47457.0,0.0,47457.0,5045.85,59850.0,59850.0,28673.64,32288.85,32288.85,0.0,1,0.0,1.0,2.0,Active,0,0
1060558,100048,-16,133724.835,225000,0.0,0.0,0.0,0.0,7455.24,9450.0,9450.0,130204.485,134960.715,134960.715,0.0,0,0.0,0.0,14.0,Active,0,0
1060558,100048,-15,1865.88,225000,0.0,0.0,0.0,0.0,7245.765,148500.0,148500.0,0.0,0.0,0.0,0.0,0,0.0,0.0,15.0,Active,0,0
1060558,100048,-20,150251.625,225000,0.0,0.0,0.0,0.0,8431.245,11250.0,11250.0,146124.63,151633.62,151633.62,0.0,0,0.0,0.0,10.0,Active,0,0
1060558,100048,-13,0.0,225000,0.0,0.0,0.0,0.0,130.5,1588.77,1588.77,0.0,0.0,0.0,0.0,0,0.0,0.0,17.0,Active,0,0
1060558,100048,-22,169500.375,225000,0.0,60696.0,0.0,60696.0,8930.205,13500.0,13500.0,165104.235,170969.49,170969.49,0.0,1,0.0,1.0,8.0,Active,0,0
1060558,100048,-11,0.0,225000,0.0,0.0,0.0,0.0,0.0,1458.27,1458.27,0.0,0.0,0.0,0.0,0,0.0,0.0,17.0,Active,0,0
1060558,100048,-4,0.0,225000,0.0,0.0,0.0,0.0,0.0,1458.27,1458.27,0.0,0.0,0.0,0.0,0,0.0,0.0,17.0,Active,0,0
1060558,100048,-17,133819.56,225000,0.0,0.0,0.0,0.0,7852.725,13500.0,13500.0,130054.635,135114.705,135114.705,0.0,0,0.0,0.0,13.0,Active,0,0
1060558,100048,-2,27302.4,225000,27000.0,27000.0,0.0,0.0,0.0,1458.27,1458.27,25541.73,25956.9,25956.9,1.0,1,0.0,0.0,17.0,Active,0,0
1060558,100048,-14,0.0,225000,0.0,0.0,0.0,0.0,1996.38,3585.15,3585.15,0.0,0.0,0.0,0.0,0,0.0,0.0,16.0,Active,0,0
1060558,100048,-7,0.0,225000,0.0,0.0,0.0,0.0,0.0,1458.27,1458.27,0.0,0.0,0.0,0.0,0,0.0,0.0,17.0,Active,0,0
1060558,100048,-1,280.89,225000,0.0,0.0,0.0,0.0,2250.0,23400.0,23400.0,0.0,0.0,0.0,0.0,0,0.0,0.0,18.0,Active,0,0
1060558,100048,-18,146181.015,225000,0.0,0.0,0.0,0.0,8012.61,9000.0,9000.0,142251.795,147500.73,147500.73,0.0,0,0.0,0.0,12.0,Active,0,0
1060558,100048,-9,0.0,225000,0.0,0.0,0.0,0.0,0.0,1458.27,1458.27,0.0,0.0,0.0,0.0,0,0.0,0.0,17.0,Active,0,0
1060558,100048,-29,0.0,225000,0.0,100120.5,0.0,100120.5,10682.28,213750.0,213750.0,0.0,0.0,0.0,0.0,1,0.0,1.0,1.0,Active,0,0
1060558,100048,-3,0.0,225000,0.0,0.0,0.0,0.0,0.0,1458.27,1458.27,0.0,0.0,0.0,0.0,0,0.0,0.0,17.0,Active,0,0
1060558,100048,-21,166621.005,225000,0.0,0.0,0.0,0.0,8576.685,9000.0,9000.0,162533.655,168022.8,168022.8,0.0,0,0.0,0.0,9.0,Active,0,0
1060558,100048,-31,0.0,225000,,0.0,,,,,0.0,0.0,0.0,0.0,,0,,,,Active,0,0
1060558,100048,-6,0.0,225000,0.0,0.0,0.0,0.0,0.0,1458.27,1458.27,0.0,0.0,0.0,0.0,0,0.0,0.0,17.0,Active,0,0
1060558,100048,-23,98006.355,225000,0.0,0.0,0.0,0.0,6557.445,18000.0,18000.0,95148.765,99112.995,99112.995,0.0,0,0.0,0.0,7.0,Active,0,0
1060558,100048,-8,0.0,225000,0.0,0.0,0.0,0.0,0.0,1458.27,1458.27,0.0,0.0,0.0,0.0,0,0.0,0.0,17.0,Active,0,0
1060558,100048,-5,0.0,225000,0.0,0.0,0.0,0.0,0.0,1458.27,1458.27,0.0,0.0,0.0,0.0,0,0.0,0.0,17.0,Active,0,0
1060558,100048,-30,212013.0,225000,0.0,212013.0,0.0,212013.0,,,0.0,212013.0,212013.0,212013.0,0.0,2,0.0,2.0,,Active,0,0
1060558,100048,-24,129622.95,225000,0.0,17172.0,0.0,17172.0,5772.555,5850.0,5850.0,126772.785,130607.145,130607.145,0.0,1,0.0,1.0,6.0,Active,0,0
1060558,100048,-27,85617.27,225000,0.0,0.0,0.0,0.0,4610.34,4950.0,4950.0,82306.98,86429.385,86429.385,0.0,0,0.0,0.0,3.0,Active,0,0
1209367,100049,-6,91464.03,90000,9000.0,10736.91,0.0,1736.91,2250.0,4996.485,225.225,88413.255,91032.03,91032.03,1.0,4,0.0,3.0,1.0,Active,0,0
1209367,100049,-8,10397.115,90000,9000.0,9000.0,0.0,0.0,0.0,,0.0,9000.0,9051.615,9051.615,1.0,1,0.0,0.0,0.0,Active,0,0
1209367,100049,-7,82449.135,90000,72000.0,73990.935,0.0,1990.935,0.0,6750.0,4500.0,77722.83,78412.635,78412.635,3.0,6,0.0,3.0,0.0,Active,0,0
1209367,100049,-4,87047.865,135000,0.0,0.0,0.0,0.0,4626.0,4725.0,193.275,85909.905,87047.865,87047.865,0.0,0,0.0,0.0,3.0,Active,0,0
1209367,100049,-5,88958.295,90000,0.0,0.0,0.0,0.0,4771.26,4790.34,164.34,87729.84,88958.295,88958.295,0.0,0,0.0,0.0,2.0,Active,0,0
1209367,100049,-14,0.0,90000,,0.0,,,0.0,,0.0,0.0,0.0,0.0,,0,,,0.0,Active,0,0
1209367,100049,-3,132717.465,135000,36000.0,46220.445,0.0,10220.445,4531.725,6525.0,562.725,129781.44,131371.965,131371.965,2.0,12,0.0,10.0,4.0,Active,0,0
1209367,100049,-11,0.0,90000,,0.0,,,0.0,,0.0,0.0,0.0,0.0,,0,,,0.0,Active,0,0
1209367,100049,-12,0.0,90000,,0.0,,,0.0,,0.0,0.0,0.0,0.0,,0,,,0.0,Active,0,0
1209367,100049,-13,0.0,90000,,0.0,,,0.0,,0.0,0.0,0.0,0.0,,0,,,0.0,Active,0,0
1209367,100049,-9,0.0,90000,,0.0,,,0.0,,0.0,0.0,0.0,0.0,,0,,,0.0,Active,0,0
1209367,100049,-2,133348.95,135000,0.0,3689.37,0.0,3689.37,5962.275,6949.755,211.86,131697.225,133348.95,133348.95,0.0,2,0.0,2.0,5.0,Active,0,0
1209367,100049,-10,0.0,90000,,0.0,,,0.0,,0.0,0.0,0.0,0.0,,0,,,0.0,Active,0,0
1794209,100050,-1,0.0,180000,,0.0,,,0.0,,0.0,0.0,0.0,0.0,,0,,,0.0,Active,0,0
1794209,100050,-4,0.0,180000,,0.0,,,0.0,,0.0,0.0,0.0,0.0,,0,,,0.0,Active,0,0
1794209,100050,-7,0.0,180000,,0.0,,,0.0,,0.0,0.0,0.0,0.0,,0,,,0.0,Active,0,0
1794209,100050,-2,0.0,180000,,0.0,,,0.0,,0.0,0.0,0.0,0.0,,0,,,0.0,Active,0,0
1794209,100050,-6,0.0,180000,,0.0,,,0.0,,0.0,0.0,0.0,0.0,,0,,,0.0,Active,0,0
1794209,100050,-3,0.0,180000,,0.0,,,0.0,,0.0,0.0,0.0,0.0,,0,,,0.0,Active,0,0
1794209,100050,-5,0.0,180000,,0.0,,,0.0,,0.0,0.0,0.0,0.0,,0,,,0.0,Active,0,0
1787234,100059,-11,0.0,90000,,0.0,,,0.0,,0.0,0.0,0.0,0.0,,0,,,0.0,Active,0,0
1787234,100059,-7,0.0,90000,,0.0,,,0.0,,0.0,0.0,0.0,0.0,,0,,,0.0,Active,0,0
1787234,100059,-9,0.0,90000,,0.0,,,0.0,,0.0,0.0,0.0,0.0,,0,,,0.0,Active,0,0
1787234,100059,-2,0.0,0,,0.0,,,0.0,,0.0,0.0,0.0,0.0,,0,,,0.0,Completed,0,0
1787234,100059,-10,0.0,90000,,0.0,,,0.0,,0.0,0.0,0.0,0.0,,0,,,0.0,Active,0,0
1787234,100059,-6,0.0,0,,0.0,,,0.0,,0.0,0.0,0.0,0.0,,0,,,0.0,Active,0,0
1787234,100059,-4,0.0,0,,0.0,,,0.0,,0.0,0.0,0.0,0.0,,0,,,0.0,Completed,0,0
1787234,100059,-3,0.0,0,,0.0,,,0.0,,0.0,0.0,0.0,0.0,,0,,,0.0,Completed,0,0
1787234,100059,-5,0.0,0,,0.0,,,0.0,,0.0,0.0,0.0,0.0,,0,,,0.0,Completed,0,0
1787234,100059,-8,0.0,90000,,0.0,,,0.0,,0.0,0.0,0.0,0.0,,0,,,0.0,Active,0,0
1852787,100066,-2,0.0,9000,,0.0,,,0.0,,0.0,0.0,0.0,0.0,,0,,,0.0,Active,0,0
1852787,100066,-14,0.0,45000,,0.0,,,0.0,,0.0,0.0,0.0,0.0,,0,,,0.0,Active,0,0
1852787,100066,-15,0.0,45000,,0.0,,,0.0,,0.0,0.0,0.0,0.0,,0,,,0.0,Active,0,0
1852787,100066,-12,0.0,135000,,0.0,,,0.0,,0.0,0.0,0.0,0.0,,0,,,0.0,Active,0,0
1852787,100066,-8,0.0,135000,,0.0,,,0.0,,0.0,0.0,0.0,0.0,,0,,,0.0,Active,0,0
1852787,100066,-7,0.0,135000,,0.0,,,0.0,,0.0,0.0,0.0,0.0,,0,,,0.0,Active,0,0
1852787,100066,-11,0.0,135000,,0.0,,,0.0,,0.0,0.0,0.0,0.0,,0,,,0.0,Active,0,0
1852787,100066,-13,0.0,135000,,0.0,,,0.0,,0.0,0.0,0.0,0.0,,0,,,0.0,Active,0,0
1852787,100066,-5,0.0,9000,,0.0,,,0.0,,0.0,0.0,0.0,0.0,,0,,,0.0,Active,0,0
1852787,100066,-6,0.0,9000,,0.0,,,0.0,,0.0,0.0,0.0,0.0,,0,,,0.0,Active,0,0
1852787,100066,-1,0.0,9000,,0.0,,,0.0,,0.0,0.0,0.0,0.0,,0,,,0.0,Active,0,0
1852787,100066,-3,0.0,9000,,0.0,,,0.0,,0.0,0.0,0.0,0.0,,0,,,0.0,Active,0,0
1852787,100066,-4,0.0,9000,,0.0,,,0.0,,0.0,0.0,0.0,0.0,,0,,,0.0,Active,0,0
1852787,100066,-10,0.0,135000,,0.0,,,0.0,,0.0,0.0,0.0,0.0,,0,,,0.0,Active,0,0
1852787,100066,-9,0.0,135000,,0.0,,,0.0,,0.0,0.0,0.0,0.0,,0,,,0.0,Active,0,0
2833536,100067,-87,0.0,45000,0.0,0.0,0.0,0.0,,0.0,0.0,0.0,0.0,0.0,0.0,0,0.0,0.0,,Active,0,0
2833536,100067,-57,32068.845,45000,0.0,0.0,0.0,0.0,2250.0,2250.0,2250.0,30834.09,32068.845,32068.845,0.0,0,0.0,0.0,29.0,Active,0,0
2833536,100067,-36,0.0,45000,0.0,0.0,0.0,0.0,0.0,168.345,0.0,0.0,0.0,0.0,0.0,0,0.0,0.0,40.0,Active,0,0
2833536,100067,-74,28276.38,45000,0.0,0.0,0.0,0.0,2250.0,2250.0,2250.0,27164.115,28276.38,28276.38,0.0,0,0.0,0.0,12.0,Active,0,0
2833536,100067,-44,0.0,45000,0.0,0.0,0.0,0.0,0.0,168.345,0.0,0.0,0.0,0.0,0.0,0,0.0,0.0,40.0,Active,0,0
2833536,100067,-40,0.0,45000,0.0,0.0,0.0,0.0,0.0,168.345,0.0,0.0,0.0,0.0,0.0,0,0.0,0.0,40.0,Active,0,0
2833536,100067,-9,41976.0,45000,0.0,0.0,0.0,0.0,2250.0,4275.0,4275.0,40416.3,41976.0,41976.0,0.0,0,0.0,0.0,57.0,Active,0,0
2833536,100067,-3,44107.515,45000,0.0,2745.0,0.0,2745.0,2250.0,4500.0,4500.0,42762.96,44107.515,44107.515,0.0,1,0.0,1.0,63.0,Active,0,0
2833536,100067,-7,46329.885,45000,0.0,5673.195,0.0,5673.195,2250.0,4500.0,4500.0,44988.345,46329.885,46329.885,0.0,2,0.0,2.0,59.0,Active,0,0
2833536,100067,-78,39244.995,45000,0.0,0.0,0.0,0.0,2250.0,2250.0,2250.0,37945.35,39244.995,39244.995,0.0,0,0.0,0.0,8.0,Active,0,0
2833536,100067,-4,44517.96,45000,0.0,2249.28,0.0,2249.28,2250.0,4500.0,4500.0,43215.03,44517.96,44517.96,0.0,1,0.0,1.0,62.0,Active,0,0
2833536,100067,-63,37881.27,45000,0.0,0.0,0.0,0.0,2250.0,4500.0,4500.0,36528.435,37881.27,37881.27,0.0,0,0.0,0.0,23.0,Active,0,0
2833536,100067,-41,0.0,45000,0.0,0.0,0.0,0.0,0.0,168.345,0.0,0.0,0.0,0.0,0.0,0,0.0,0.0,40.0,Active,0,0
2833536,100067,-65,39726.9,45000,0.0,0.0,0.0,0.0,2250.0,2250.0,2250.0,38353.41,39726.9,39726.9,0.0,0,0.0,0.0,21.0,Active,0,0
2833536,100067,-37,0.0,45000,0.0,0.0,0.0,0.0,0.0,168.345,0.0,0.0,0.0,0.0,0.0,0,0.0,0.0,40.0,Active,0,0
2833536,100067,-22,26850.375,45000,0.0,1293.255,0.0,1293.255,2250.0,6525.0,6525.0,25714.08,26850.375,26850.375,0.0,1,0.0,1.0,44.0,Active,0,0
2833536,100067,-32,0.0,45000,0.0,0.0,0.0,0.0,0.0,168.345,0.0,0.0,0.0,0.0,0.0,0,0.0,0.0,40.0,Active,0,0
2833536,100067,-70,46240.29,45000,0.0,0.0,0.0,0.0,2250.0,2700.0,2700.0,44566.38,46240.29,46240.29,0.0,0,0.0,0.0,16.0,Active,0,0
2833536,100067,-38,0.0,45000,0.0,0.0,0.0,0.0,0.0,168.345,0.0,0.0,0.0,0.0,0.0,0,0.0,0.0,40.0,Active,0,0
2833536,100067,-2,46336.275,45000,0.0,5378.355,0.0,5378.355,2250.0,4500.0,4500.0,44985.87,46336.275,46336.275,0.0,4,0.0,4.0,64.0,Active,0,0
2833536,100067,-20,44855.82,45000,0.0,20249.82,0.0,20249.82,2250.0,9000.0,9000.0,43518.285,44855.82,44855.82,0.0,3,0.0,3.0,46.0,Active,0,0
2833536,100067,-12,522.495,45000,0.0,0.0,0.0,0.0,2250.0,45450.0,45450.0,0.0,0.0,0.0,0.0,0,0.0,0.0,54.0,Active,0,0
2833536,100067,-52,18723.375,45000,0.0,0.0,0.0,0.0,2250.0,9801.0,9801.0,17629.695,18723.375,18723.375,0.0,0,0.0,0.0,34.0,Active,0,0
2833536,100067,-45,0.0,45000,0.0,0.0,0.0,0.0,0.0,168.345,0.0,0.0,0.0,0.0,0.0,0,0.0,0.0,40.0,Active,0,0
2833536,100067,-29,0.0,45000,0.0,0.0,0.0,0.0,0.0,168.345,0.0,0.0,0.0,0.0,0.0,0,0.0,0.0,40.0,Active,0,0
2833536,100067,-14,17091.81,45000,0.0,16464.42,0.0,16464.42,2250.0,44685.0,44685.0,16024.95,17091.81,17091.81,0.0,7,0.0,7.0,52.0,Active,0,0
2833536,100067,-73,44506.08,45000,14850.0,14940.0,0.0,90.0,2250.0,2250.0,2250.0,40966.38,44506.08,44506.08,2.0,3,0.0,1.0,13.0,Active,0,0
2833536,100067,-33,0.0,45000,0.0,0.0,0.0,0.0,0.0,168.345,0.0,0.0,0.0,0.0,0.0,0,0.0,0.0,40.0,Active,0,0
2833536,100067,-51,17491.32,45000,0.0,0.0,0.0,0.0,2250.0,2250.0,2250.0,16473.375,17491.32,17491.32,0.0,0,0.0,0.0,35.0,Active,0,0
2833536,100067,-11,45553.455,45000,0.0,46897.695,0.0,46897.695,522.495,2829.735,2250.0,44590.455,45553.455,45553.455,0.0,15,0.0,15.0,55.0,Active,0,0
2833536,100067,-49,12892.275,45000,0.0,0.0,0.0,0.0,2250.0,2250.0,2250.0,11945.745,12892.275,12892.275,0.0,0,0.0,0.0,37.0,Active,0,0
2833536,100067,-1,46374.75,45000,0.0,3149.01,0.0,3149.01,2250.0,4500.0,4500.0,44985.285,46374.75,46374.75,0.0,1,0.0,1.0,65.0,Active,0,0
2833536,100067,-10,44691.3,45000,0.0,0.0,0.0,0.0,2250.0,2250.0,2250.0,43303.455,44691.3,44691.3,0.0,0,0.0,0.0,56.0,Active,0,0
2833536,100067,-54,28499.31,45000,0.0,0.0,0.0,0.0,2250.0,2250.0,2250.0,27300.375,28499.31,28499.31,0.0,0,0.0,0.0,32.0,Active,0,0
2833536,100067,-18,42979.77,45000,0.0,9000.0,0.0,9000.0,2250.0,9000.0,9000.0,41690.655,42979.77,42979.77,0.0,1,0.0,1.0,48.0,Active,0,0
2833536,100067,-43,0.0,45000,0.0,0.0,0.0,0.0,0.0,168.345,0.0,0.0,0.0,0.0,0.0,0,0.0,0.0,40.0,Active,0,0
2833536,100067,-50,14195.745,45000,0.0,0.0,0.0,0.0,2250.0,4275.0,4275.0,13216.32,14195.745,14195.745,0.0,0,0.0,0.0,36.0,Active,0,0
2833536,100067,-30,0.0,45000,0.0,0.0,0.0,0.0,0.0,168.345,0.0,0.0,0.0,0.0,0.0,0,0.0,0.0,40.0,Active,0,0
2833536,100067,-84,44442.315,45000,0.0,0.0,0.0,0.0,2250.0,4500.0,4500.0,43082.1,44442.315,44442.315,0.0,0,0.0,0.0,2.0,Active,0,0
2833536,100067,-60,35033.94,45000,0.0,0.0,0.0,0.0,2250.0,2250.0,2250.0,33753.6,35033.94,35033.94,0.0,0,0.0,0.0,26.0,Active,0,0
2833536,100067,-24,38495.295,45000,0.0,21105.0,0.0,21105.0,2250.0,8775.0,8775.0,37290.915,38495.295,38495.295,0.0,2,0.0,2.0,42.0,Active,0,0
2833536,100067,-82,45154.8,45000,0.0,0.0,0.0,0.0,2250.0,2250.0,2250.0,43772.175,45154.8,45154.8,0.0,0,0.0,0.0,4.0,Active,0,0
2833536,100067,-53,27430.695,45000,0.0,0.0,0.0,0.0,2250.0,2250.0,2250.0,26249.31,27430.695,27430.695,0.0,0,0.0,0.0,33.0,Active,0,0
2833536,100067,-35,0.0,45000,0.0,0.0,0.0,0.0,0.0,168.345,0.0,0.0,0.0,0.0,0.0,0,0.0,0.0,40.0,Active,0,0
2833536,100067,-28,0.0,45000,0.0,0.0,0.0,0.0,0.0,168.345,0.0,0.0,0.0,0.0,0.0,0,0.0,0.0,40.0,Active,0,0
2833536,100067,-16,45117.18,45000,0.0,0.0,0.0,0.0,2250.0,2250.0,2250.0,43795.8,45117.18,45117.18,0.0,0,0.0,0.0,50.0,Active,0,0
2833536,100067,-69,43169.94,45000,0.0,0.0,0.0,0.0,2250.0,4500.0,4500.0,41740.29,43169.94,43169.94,0.0,0,0.0,0.0,17.0,Active,0,0
2833536,100067,-68,42334.74,45000,0.0,0.0,0.0,0.0,2250.0,2250.0,2250.0,40919.94,42334.74,42334.74,0.0,0,0.0,0.0,18.0,Active,0,0
2833536,100067,-64,41028.435,45000,0.0,0.0,0.0,0.0,2250.0,0.0,0.0,38353.41,41028.435,41028.435,0.0,0,0.0,0.0,22.0,Active,1,1
2833536,100067,-79,40195.35,45000,0.0,0.0,0.0,0.0,2250.0,4500.0,4500.0,38874.24,40195.35,40195.35,0.0,0,0.0,0.0,7.0,Active,0,0
2833536,100067,-25,24960.915,45000,0.0,19975.5,0.0,19975.5,2250.0,7875.0,7875.0,23857.155,24960.915,24960.915,0.0,2,0.0,2.0,41.0,Active,0,0
2833536,100067,-5,45465.75,45000,0.0,3149.01,0.0,3149.01,2250.0,2250.0,2250.0,44103.555,45465.75,45465.75,0.0,1,0.0,1.0,61.0,Active,0,0
2833536,100067,-8,43815.15,45000,0.0,4999.05,0.0,4999.05,2250.0,4500.0,4500.0,42475.05,43815.15,43815.15,0.0,3,0.0,3.0,58.0,Active,0,0
2833536,100067,-19,41690.655,45000,0.0,0.0,0.0,0.0,2250.0,4500.0,4500.0,40355.82,41690.655,41690.655,0.0,0,0.0,0.0,47.0,Active,0,0
2833536,100067,-55,29550.375,45000,0.0,0.0,0.0,0.0,2250.0,2700.0,2700.0,28353.645,29550.375,29550.375,0.0,0,0.0,0.0,31.0,Active,0,0
2833536,100067,-75,29414.115,45000,0.0,0.0,0.0,0.0,2250.0,9000.0,9000.0,28210.41,29414.115,29414.115,0.0,0,0.0,0.0,11.0,Active,0,0
2833536,100067,-6,43204.545,45000,0.0,0.0,0.0,0.0,2250.0,4500.0,4500.0,41829.885,43204.545,43204.545,0.0,0,0.0,0.0,60.0,Active,0,0
2833536,100067,-26,11756.655,45000,0.0,11250.0,0.0,11250.0,0.0,168.345,0.0,11081.655,11756.655,11756.655,0.0,1,0.0,1.0,40.0,Active,0,0
2833536,100067,-31,0.0,45000,0.0,0.0,0.0,0.0,0.0,168.345,0.0,0.0,0.0,0.0,0.0,0,0.0,0.0,40.0,Active,0,0
2833536,100067,-67,41464.53,45000,0.0,0.0,0.0,0.0,2250.0,2250.0,2250.0,40084.74,41464.53,41464.53,0.0,0,0.0,0.0,19.0,Active,0,0
2833536,100067,-46,0.0,45000,0.0,0.0,0.0,0.0,67.5,235.845,0.0,0.0,0.0,0.0,0.0,0,0.0,0.0,40.0,Active,0,0
2833536,100067,-34,0.0,45000,0.0,0.0,0.0,0.0,0.0,168.345,0.0,0.0,0.0,0.0,0.0,0,0.0,0.0,40.0,Active,0,0
2833536,100067,-76,37210.41,45000,0.0,0.0,0.0,0.0,2250.0,0.0,0.0,34744.995,37210.41,37210.41,0.0,0,0.0,0.0,10.0,Active,1,1
2833536,100067,-27,0.0,45000,0.0,0.0,0.0,0.0,0.0,168.345,0.0,0.0,0.0,0.0,0.0,0,0.0,0.0,40.0,Active,0,0
2833536,100067,-83,46022.175,45000,1800.0,1800.0,0.0,0.0,2250.0,2250.0,2250.0,43992.315,46022.175,46022.175,1.0,1,0.0,0.0,3.0,Active,0,0
2833536,100067,-47,67.5,45000,0.0,0.0,0.0,0.0,191.88,427.725,0.0,0.0,-168.345,-168.345,0.0,0,0.0,0.0,39.0,Active,0,0
2833536,100067,-59,34066.575,45000,0.0,0.0,0.0,0.0,2250.0,2250.0,2250.0,32783.94,34066.575,34066.575,0.0,0,0.0,0.0,27.0,Active,0,0
2833536,100067,-81,44259.255,45000,0.0,0.0,0.0,0.0,2250.0,2250.0,2250.0,42904.8,44259.255,44259.255,0.0,0,0.0,0.0,5.0,Active,0,0
2833536,100067,-71,47478.645,45000,3600.0,3600.0,0.0,0.0,2250.0,2250.0,2250.0,44566.38,47478.645,47478.645,1.0,1,0.0,0.0,15.0,Active,0,0
2833536,100067,-85,47582.1,45000,2250.0,2250.0,0.0,0.0,2250.0,0.0,0.0,44100.0,47582.1,47582.1,1.0,1,0.0,0.0,1.0,Active,1,1
2833536,100067,-48,191.88,45000,0.0,0.0,0.0,0.0,2250.0,13320.0,13320.0,0.0,-235.845,-235.845,0.0,0,0.0,0.0,38.0,Active,0,0
2833536,100067,-77,36028.98,45000,0.0,0.0,0.0,0.0,2250.0,4500.0,4500.0,34744.995,36028.98,36028.98,0.0,0,0.0,0.0,9.0,Active,0,0
2833536,100067,-39,0.0,45000,0.0,0.0,0.0,0.0,0.0,168.345,0.0,0.0,0.0,0.0,0.0,0,0.0,0.0,40.0,Active,0,0
2833536,100067,-56,31053.645,45000,0.0,0.0,0.0,0.0,2250.0,2250.0,2250.0,29818.845,31053.645,31053.645,0.0,0,0.0,0.0,30.0,Active,0,0
2833536,100067,-72,43570.845,45000,0.0,0.0,0.0,0.0,2250.0,2250.0,2250.0,40966.38,43570.845,43570.845,0.0,0,0.0,0.0,14.0,Active,0,0
2833536,100067,-66,40603.41,45000,0.0,0.0,0.0,0.0,2250.0,2250.0,2250.0,39214.53,40603.41,40603.41,0.0,0,0.0,0.0,20.0,Active,0,0
2833536,100067,-21,32268.465,45000,0.0,8577.0,0.0,8577.0,2250.0,4275.0,4275.0,31152.375,32268.465,32268.465,0.0,2,0.0,2.0,45.0,Active,0,0
2833536,100067,-13,44870.265,45000,0.0,28800.0,0.0,28800.0,2250.0,2250.0,2250.0,43641.81,44870.265,44870.265,0.0,2,0.0,2.0,53.0,Active,0,0
2833536,100067,-42,0.0,45000,0.0,0.0,0.0,0.0,0.0,168.345,0.0,0.0,0.0,0.0,0.0,0,0.0,0.0,40.0,Active,0,0
2833536,100067,-86,43325.1,45000,44100.0,44100.0,0.0,0.0,,2250.0,2250.0,41850.0,43325.1,43325.1,2.0,2,0.0,0.0,,Active,0,0
2833536,100067,-80,43374.24,45000,0.0,0.0,0.0,0.0,2250.0,2250.0,2250.0,42009.255,43374.24,43374.24,0.0,0,0.0,0.0,6.0,Active,0,0
2833536,100067,-62,36939.555,45000,0.0,0.0,0.0,0.0,2250.0,2250.0,2250.0,35631.27,36939.555,36939.555,0.0,0,0.0,0.0,24.0,Active,0,0
2833536,100067,-58,33084.09,45000,0.0,0.0,0.0,0.0,2250.0,2250.0,2250.0,31816.575,33084.09,33084.09,0.0,0,0.0,0.0,28.0,Active,0,0
2833536,100067,-61,36003.6,45000,0.0,0.0,0.0,0.0,2250.0,2250.0,2250.0,34689.555,36003.6,36003.6,0.0,0,0.0,0.0,25.0,Active,0,0
2833536,100067,-15,44245.53,45000,0.0,0.0,0.0,0.0,2250.0,2250.0,2250.0,42867.18,44245.53,44245.53,0.0,0,0.0,0.0,51.0,Active,0,0
2833536,100067,-17,46045.8,45000,0.0,3975.75,0.0,3975.75,2250.0,2250.0,2250.0,44705.52,46045.8,46045.8,0.0,1,0.0,1.0,49.0,Active,0,0
2833536,100067,-23,30945.825,45000,0.0,0.0,0.0,0.0,2250.0,8775.0,8775.0,29720.295,30945.825,30945.825,0.0,0,0.0,0.0,43.0,Active,0,0
1596605,100075,-6,245289.465,225000,145125.0,145125.0,0.0,0.0,7357.995,95400.0,95400.0,215824.95,227252.115,227252.115,10.0,10,0.0,0.0,3.0,Active,0,0
1596605,100075,-3,167751.45,225000,83700.0,84395.25,0.0,695.25,7389.675,99000.0,99000.0,141288.345,148783.365,148783.365,11.0,12,0.0,1.0,6.0,Active,0,0
1596605,100075,-2,195678.315,225000,56250.0,56250.0,0.0,0.0,7781.49,40513.905,40513.905,179915.535,187409.79,187409.79,4.0,4,0.0,0.0,7.0,Active,0,0
1596605,100075,-4,159635.745,225000,8100.0,8100.0,0.0,0.0,9342.36,45000.0,45000.0,149947.245,154732.005,154732.005,2.0,2,0.0,0.0,5.0,Active,0,0
1596605,100075,-5,187643.295,225000,27000.0,27000.0,0.0,0.0,12223.035,93402.81,93402.81,178057.71,184031.235,184031.235,1.0,1,0.0,0.0,4.0,Active,0,0
1596605,100075,-7,172710.36,225000,79200.0,80590.5,0.0,1390.5,2946.465,9000.0,9000.0,146334.6,158719.905,158719.905,8.0,9,0.0,1.0,2.0,Active,0,0
1596605,100075,-9,96067.44,225000,128250.0,128250.0,0.0,0.0,0.0,45000.0,45000.0,83250.0,83935.665,83935.665,7.0,7,0.0,0.0,0.0,Active,0,0
1596605,100075,-8,83920.365,225000,69750.0,69750.0,0.0,0.0,3512.205,96750.0,96750.0,65744.1,70335.54,70335.54,8.0,8,0.0,0.0,1.0,Active,0,0
1691588,100077,-7,0.0,45000,,0.0,,,0.0,,0.0,0.0,0.0,0.0,,0,,,0.0,Active,0,0
1691588,100077,-8,0.0,45000,,0.0,,,0.0,,0.0,0.0,0.0,0.0,,0,,,0.0,Active,0,0
1691588,100077,-6,0.0,45000,,0.0,,,0.0,,0.0,0.0,0.0,0.0,,0,,,0.0,Active,0,0
1691588,100077,-5,0.0,0,,0.0,,,0.0,,0.0,0.0,0.0,0.0,,0,,,0.0,Active,0,0
1691588,100077,-4,0.0,0,,0.0,,,0.0,,0.0,0.0,0.0,0.0,,0,,,0.0,Active,0,0
2628319,100082,-2,0.0,0,0.0,0.0,0.0,0.0,0.0,69.39,0.0,0.0,0.0,0.0,0.0,0,0.0,0.0,30.0,Active,0,0
2628319,100082,-72,41183.325,135000,0.0,0.0,0.0,0.0,6750.0,36000.0,36000.0,38056.23,41183.325,41183.325,0.0,0,0.0,0.0,16.0,Active,0,0
2628319,100082,-64,35404.38,135000,31500.0,31500.0,0.0,0.0,0.0,3.69,0.0,31496.31,35404.38,35404.38,1.0,1,0.0,0.0,21.0,Active,0,0
2628319,100082,-16,0.0,135000,0.0,0.0,0.0,0.0,0.0,69.39,0.0,0.0,0.0,0.0,0.0,0,0.0,0.0,30.0,Active,0,0
2628319,100082,-58,110.61,135000,0.0,0.0,0.0,0.0,67.5,24.39,0.0,0.0,110.61,110.61,0.0,0,0.0,0.0,27.0,Active,1,0
2628319,100082,-50,0.0,135000,0.0,0.0,0.0,0.0,0.0,315.0,315.0,0.0,0.0,0.0,0.0,0,0.0,0.0,30.0,Active,0,0
2628319,100082,-87,129551.895,135000,45000.0,45000.0,0.0,0.0,6750.0,13500.0,13500.0,124686.495,129551.895,129551.895,1.0,1,0.0,0.0,1.0,Active,0,0
2628319,100082,-34,0.0,135000,0.0,0.0,0.0,0.0,0.0,69.39,0.0,0.0,0.0,0.0,0.0,0,0.0,0.0,30.0,Active,0,0
2628319,100082,-65,0.0,135000,0.0,0.0,0.0,0.0,0.0,1575.0,1575.0,0.0,0.0,0.0,0.0,0,0.0,0.0,21.0,Active,0,0
2628319,100082,-80,35487.495,135000,0.0,0.0,0.0,0.0,6750.0,22500.0,22500.0,32536.035,35487.495,35487.495,0.0,0,0.0,0.0,8.0,Active,0,0
2628319,100082,-46,0.0,135000,0.0,0.0,0.0,0.0,0.0,69.39,0.0,0.0,0.0,0.0,0.0,0,0.0,0.0,30.0,Active,0,0
2628319,100082,-19,0.0,135000,0.0,0.0,0.0,0.0,0.0,69.39,0.0,0.0,0.0,0.0,0.0,0,0.0,0.0,30.0,Active,0,0
2628319,100082,-9,0.0,0,0.0,0.0,0.0,0.0,0.0,69.39,0.0,0.0,0.0,0.0,0.0,0,0.0,0.0,30.0,Active,0,0
2628319,100082,-23,0.0,135000,0.0,0.0,0.0,0.0,0.0,69.39,0.0,0.0,0.0,0.0,0.0,0,0.0,0.0,30.0,Active,0,0
2628319,100082,-38,0.0,135000,0.0,0.0,0.0,0.0,0.0,69.39,0.0,0.0,-69.39,-69.39,0.0,0,0.0,0.0,30.0,Active,0,0
2628319,100082,-47,0.0,135000,0.0,0.0,0.0,0.0,0.0,69.39,0.0,0.0,0.0,0.0,0.0,0,0.0,0.0,30.0,Active,0,0
2628319,100082,-60,67.5,135000,0.0,0.0,0.0,0.0,67.5,159.39,0.0,0.0,0.0,0.0,0.0,0,0.0,0.0,25.0,Active,0,0
2628319,100082,-68,302.31,135000,0.0,0.0,0.0,0.0,656.19,353.88,0.0,0.0,302.31,302.31,0.0,0,0.0,0.0,20.0,Active,1,0
2628319,100082,-77,122548.365,135000,67500.0,67500.0,0.0,0.0,6750.0,6750.0,6750.0,117149.31,122548.365,122548.365,2.0,2,0.0,0.0,11.0,Active,0,0
2628319,100082,-53,245.61,135000,0.0,0.0,0.0,0.0,0.0,0.0,0.0,0.0,245.61,245.61,0.0,0,0.0,0.0,30.0,Active,152,0
2628319,100082,-37,0.0,135000,0.0,0.0,0.0,0.0,0.0,69.39,0.0,0.0,0.0,0.0,0.0,0,0.0,0.0,30.0,Active,0,0
2628319,100082,-27,0.0,135000,0.0,0.0,0.0,0.0,0.0,69.39,0.0,0.0,0.0,0.0,0.0,0,0.0,0.0,30.0,Active,0,0
2628319,100082,-41,0.0,135000,0.0,0.0,0.0,0.0,0.0,69.39,0.0,0.0,-69.39,-69.39,0.0,0,0.0,0.0,30.0,Active,0,0
2628319,100082,-3,0.0,0,0.0,0.0,0.0,0.0,0.0,69.39,0.0,0.0,0.0,0.0,0.0,0,0.0,0.0,30.0,Active,0,0
2628319,100082,-79,15395.085,135000,0.0,0.0,0.0,0.0,6750.0,22500.0,22500.0,12987.495,15395.085,15395.085,0.0,0,0.0,0.0,9.0,Active,0,0
2628319,100082,-26,0.0,135000,0.0,0.0,0.0,0.0,0.0,69.39,0.0,0.0,0.0,0.0,0.0,0,0.0,0.0,30.0,Active,0,0
2628319,100082,-33,0.0,135000,0.0,0.0,0.0,0.0,0.0,69.39,0.0,0.0,0.0,0.0,0.0,0,0.0,0.0,30.0,Active,0,0
2628319,100082,-52,245.61,135000,0.0,0.0,0.0,0.0,0.0,0.0,0.0,0.0,245.61,245.61,0.0,0,0.0,0.0,30.0,Active,183,0
2628319,100082,-22,0.0,135000,0.0,0.0,0.0,0.0,0.0,69.39,0.0,0.0,0.0,0.0,0.0,0,0.0,0.0,30.0,Active,0,0
2628319,100082,-36,0.0,135000,0.0,0.0,0.0,0.0,0.0,69.39,0.0,0.0,0.0,0.0,0.0,0,0.0,0.0,30.0,Active,0,0
2628319,100082,-30,0.0,135000,0.0,0.0,0.0,0.0,0.0,69.39,0.0,0.0,0.0,0.0,0.0,0,0.0,0.0,30.0,Active,0,0
2628319,100082,-15,0.0,135000,0.0,0.0,0.0,0.0,0.0,69.39,0.0,0.0,0.0,0.0,0.0,0,0.0,0.0,30.0,Active,0,0
2628319,100082,-71,37303.92,135000,0.0,0.0,0.0,0.0,6750.0,6750.0,6750.0,34433.325,37303.92,37303.92,0.0,0,0.0,0.0,17.0,Active,0,0
2628319,100082,-83,74890.62,135000,0.0,0.0,0.0,0.0,6750.0,22500.0,22500.0,71057.25,74890.62,74890.62,0.0,0,0.0,0.0,5.0,Active,0,0
2628319,100082,-20,0.0,135000,0.0,0.0,0.0,0.0,0.0,69.39,0.0,0.0,0.0,0.0,0.0,0,0.0,0.0,30.0,Active,0,0
2628319,100082,-24,0.0,135000,0.0,0.0,0.0,0.0,0.0,69.39,0.0,0.0,0.0,0.0,0.0,0,0.0,0.0,30.0,Active,0,0
2628319,100082,-57,178.11,135000,0.0,0.0,0.0,0.0,67.5,0.0,0.0,0.0,178.11,178.11,0.0,0,0.0,0.0,28.0,Active,32,0
2628319,100082,-67,1575.0,135000,0.0,0.0,0.0,0.0,0.0,306.0,306.0,0.0,1571.31,1571.31,0.0,0,0.0,0.0,20.0,Active,0,0
2628319,100082,-81,55036.035,135000,0.0,0.0,0.0,0.0,6750.0,22500.0,22500.0,51639.885,55036.035,55036.035,0.0,0,0.0,0.0,7.0,Active,0,0
2628319,100082,-8,0.0,0,0.0,0.0,0.0,0.0,0.0,69.39,0.0,0.0,0.0,0.0,0.0,0,0.0,0.0,30.0,Active,0,0
2628319,100082,-28,0.0,135000,0.0,0.0,0.0,0.0,0.0,69.39,0.0,0.0,0.0,0.0,0.0,0,0.0,0.0,30.0,Active,0,0
2628319,100082,-61,67.5,135000,0.0,0.0,0.0,0.0,67.5,226.89,0.0,0.0,0.0,0.0,0.0,0,0.0,0.0,24.0,Active,0,0
2628319,100082,-31,0.0,135000,0.0,0.0,0.0,0.0,0.0,69.39,0.0,0.0,0.0,0.0,0.0,0,0.0,0.0,30.0,Active,0,0
2628319,100082,-82,74139.885,135000,22500.0,22500.0,0.0,0.0,6750.0,27000.0,27000.0,70881.345,74139.885,74139.885,1.0,1,0.0,0.0,6.0,Active,0,0
2628319,100082,-12,0.0,0,0.0,0.0,0.0,0.0,0.0,69.39,0.0,0.0,0.0,0.0,0.0,0,0.0,0.0,30.0,Active,0,0
2628319,100082,-13,0.0,0,0.0,0.0,0.0,0.0,0.0,69.39,0.0,0.0,0.0,0.0,0.0,0,0.0,0.0,30.0,Active,0,0
2628319,100082,-62,67.5,135000,0.0,0.0,0.0,0.0,278.73,505.62,0.0,0.0,0.0,0.0,0.0,0,0.0,0.0,23.0,Active,0,0
2628319,100082,-84,93557.25,135000,0.0,0.0,0.0,0.0,6750.0,13500.0,13500.0,89396.19,93557.25,93557.25,0.0,0,0.0,0.0,4.0,Active,0,0
2628319,100082,-7,0.0,0,0.0,0.0,0.0,0.0,0.0,69.39,0.0,0.0,0.0,0.0,0.0,0,0.0,0.0,30.0,Active,0,0
2628319,100082,-14,0.0,135000,0.0,0.0,0.0,0.0,0.0,69.39,0.0,0.0,0.0,0.0,0.0,0,0.0,0.0,30.0,Active,0,0
2628319,100082,-70,33306.12,135000,0.0,0.0,0.0,0.0,6750.0,6750.0,6750.0,30553.92,33306.12,33306.12,0.0,0,0.0,0.0,18.0,Active,0,0
2628319,100082,-69,656.19,135000,0.0,0.0,0.0,0.0,6750.0,33660.0,33660.0,0.0,302.31,302.31,0.0,0,0.0,0.0,19.0,Active,0,0
2628319,100082,-10,0.0,0,0.0,0.0,0.0,0.0,0.0,69.39,0.0,0.0,0.0,0.0,0.0,0,0.0,0.0,30.0,Active,0,0
2628319,100082,-49,0.0,135000,0.0,0.0,0.0,0.0,0.0,69.39,0.0,0.0,0.0,0.0,0.0,0,0.0,0.0,30.0,Active,0,0
2628319,100082,-44,0.0,135000,0.0,0.0,0.0,0.0,0.0,69.39,0.0,0.0,-69.39,-69.39,0.0,0,0.0,0.0,30.0,Active,0,0
2628319,100082,-76,97815.33,135000,0.0,0.0,0.0,0.0,6750.0,29250.0,29250.0,93298.365,97815.33,97815.33,0.0,0,0.0,0.0,12.0,Active,0,0
2628319,100082,-32,0.0,135000,0.0,0.0,0.0,0.0,0.0,69.39,0.0,0.0,0.0,0.0,0.0,0,0.0,0.0,30.0,Active,0,0
2628319,100082,-63,278.73,135000,0.0,0.0,0.0,0.0,6750.0,35910.0,35910.0,0.0,0.0,0.0,0.0,0,0.0,0.0,22.0,Active,0,0
2628319,100082,-48,0.0,135000,0.0,0.0,0.0,0.0,0.0,69.39,0.0,0.0,0.0,0.0,0.0,0,0.0,0.0,30.0,Active,0,0
2628319,100082,-78,56399.31,135000,45000.0,45000.0,0.0,0.0,6750.0,6750.0,6750.0,53645.085,56399.31,56399.31,1.0,1,0.0,0.0,10.0,Active,0,0
2628319,100082,-43,0.0,135000,0.0,0.0,0.0,0.0,0.0,69.39,0.0,0.0,-69.39,-69.39,0.0,0,0.0,0.0,30.0,Active,0,0
2628319,100082,-59,67.5,135000,0.0,0.0,0.0,0.0,67.5,91.89,0.0,0.0,43.11,43.11,0.0,0,0.0,0.0,26.0,Active,0,0
2628319,100082,-29,0.0,135000,0.0,0.0,0.0,0.0,0.0,69.39,0.0,0.0,0.0,0.0,0.0,0,0.0,0.0,30.0,Active,0,0
2628319,100082,-51,245.61,135000,0.0,0.0,0.0,0.0,0.0,0.0,0.0,0.0,245.61,245.61,0.0,0,0.0,0.0,30.0,Active,213,0
2628319,100082,-35,0.0,135000,0.0,0.0,0.0,0.0,0.0,69.39,0.0,0.0,0.0,0.0,0.0,0,0.0,0.0,30.0,Active,0,0
2628319,100082,-40,0.0,135000,0.0,0.0,0.0,0.0,0.0,69.39,0.0,0.0,-69.39,-69.39,0.0,0,0.0,0.0,30.0,Active,0,0
2628319,100082,-54,245.61,135000,0.0,0.0,0.0,0.0,0.0,0.0,0.0,0.0,245.61,245.61,0.0,0,0.0,0.0,30.0,Active,122,0
2628319,100082,-39,0.0,135000,0.0,0.0,0.0,0.0,0.0,69.39,0.0,0.0,-69.39,-69.39,0.0,0,0.0,0.0,30.0,Active,0,0
2628319,100082,-21,0.0,135000,0.0,0.0,0.0,0.0,0.0,69.39,0.0,0.0,0.0,0.0,0.0,0,0.0,0.0,30.0,Active,0,0
2628319,100082,-86,120924.135,135000,0.0,0.0,0.0,0.0,6750.0,13500.0,13500.0,116051.895,120924.135,120924.135,0.0,0,0.0,0.0,2.0,Active,0,0
2628319,100082,-11,0.0,0,0.0,0.0,0.0,0.0,0.0,69.39,0.0,0.0,0.0,0.0,0.0,0,0.0,0.0,30.0,Active,0,0
2628319,100082,-17,0.0,135000,0.0,0.0,0.0,0.0,0.0,69.39,0.0,0.0,0.0,0.0,0.0,0,0.0,0.0,30.0,Active,0,0
2628319,100082,-42,0.0,135000,0.0,0.0,0.0,0.0,0.0,69.39,0.0,0.0,-69.39,-69.39,0.0,0,0.0,0.0,30.0,Active,0,0
2628319,100082,-73,74056.23,135000,0.0,0.0,0.0,0.0,6750.0,22500.0,22500.0,70115.175,74056.23,74056.23,0.0,0,0.0,0.0,15.0,Active,0,0
2628319,100082,-4,0.0,0,0.0,0.0,0.0,0.0,0.0,69.39,0.0,0.0,0.0,0.0,0.0,0,0.0,0.0,30.0,Active,0,0
2628319,100082,-85,102896.19,135000,0.0,0.0,0.0,0.0,6750.0,22500.0,22500.0,98424.135,102896.19,102896.19,0.0,0,0.0,0.0,3.0,Active,0,0
2628319,100082,-74,92615.175,135000,0.0,0.0,0.0,0.0,6750.0,6750.0,6750.0,88478.28,92615.175,92615.175,0.0,0,0.0,0.0,14.0,Active,0,0
2628319,100082,-55,245.61,135000,0.0,0.0,0.0,0.0,67.5,0.0,0.0,0.0,245.61,245.61,0.0,0,0.0,0.0,30.0,Active,91,0
2628319,100082,-75,95228.28,135000,0.0,0.0,0.0,0.0,6750.0,6750.0,6750.0,91065.33,95228.28,95228.28,0.0,0,0.0,0.0,13.0,Active,0,0
2628319,100082,-25,0.0,135000,0.0,0.0,0.0,0.0,0.0,69.39,0.0,0.0,0.0,0.0,0.0,0,0.0,0.0,30.0,Active,0,0
2628319,100082,-6,0.0,0,0.0,0.0,0.0,0.0,0.0,69.39,0.0,0.0,0.0,0.0,0.0,0,0.0,0.0,30.0,Active,0,0
2628319,100082,-5,0.0,0,0.0,0.0,0.0,0.0,0.0,69.39,0.0,0.0,0.0,0.0,0.0,0,0.0,0.0,30.0,Active,0,0
2628319,100082,-89,0.0,135000,,0.0,,,,0.0,0.0,0.0,0.0,0.0,,0,,,,Active,0,0
2628319,100082,-56,245.61,135000,0.0,0.0,0.0,0.0,67.5,0.0,0.0,0.0,245.61,245.61,0.0,0,0.0,0.0,29.0,Active,63,0
2628319,100082,-45,0.0,135000,0.0,0.0,0.0,0.0,0.0,69.39,0.0,0.0,-69.39,-69.39,0.0,0,0.0,0.0,30.0,Active,0,0
2628319,100082,-66,1571.31,135000,0.0,0.0,0.0,0.0,1575.0,3.69,0.0,0.0,1571.31,1571.31,0.0,0,0.0,0.0,21.0,Active,1,1
2628319,100082,-88,93186.495,135000,90000.0,90000.0,0.0,0.0,,0.0,0.0,90000.0,93186.495,93186.495,2.0,2,0.0,0.0,,Active,0,0
2628319,100082,-18,0.0,135000,0.0,0.0,0.0,0.0,0.0,69.39,0.0,0.0,0.0,0.0,0.0,0,0.0,0.0,30.0,Active,0,0
1565121,100083,-20,0.0,90000,,0.0,,,0.0,,0.0,0.0,0.0,0.0,,0,,,0.0,Active,0,0
1565121,100083,-18,0.0,90000,,0.0,,,0.0,,0.0,0.0,0.0,0.0,,0,,,0.0,Active,0,0
1565121,100083,-21,0.0,90000,,0.0,,,0.0,,0.0,0.0,0.0,0.0,,0,,,0.0,Active,0,0
1565121,100083,-15,0.0,90000,,0.0,,,0.0,,0.0,0.0,0.0,0.0,,0,,,0.0,Active,0,0
1565121,100083,-17,0.0,90000,,0.0,,,0.0,,0.0,0.0,0.0,0.0,,0,,,0.0,Active,0,0
1565121,100083,-5,0.0,90000,,0.0,,,0.0,,0.0,0.0,0.0,0.0,,0,,,0.0,Active,0,0
1565121,100083,-4,0.0,90000,,0.0,,,0.0,,0.0,0.0,0.0,0.0,,0,,,0.0,Active,0,0
1565121,100083,-2,0.0,90000,,0.0,,,0.0,,0.0,0.0,0.0,0.0,,0,,,0.0,Active,0,0
1565121,100083,-13,0.0,90000,,0.0,,,0.0,,0.0,0.0,0.0,0.0,,0,,,0.0,Active,0,0
1565121,100083,-26,0.0,90000,,0.0,,,,,0.0,0.0,0.0,0.0,,0,,,,Active,0,0
1565121,100083,-9,0.0,90000,,0.0,,,0.0,,0.0,0.0,0.0,0.0,,0,,,0.0,Active,0,0
1565121,100083,-19,0.0,90000,,0.0,,,0.0,,0.0,0.0,0.0,0.0,,0,,,0.0,Active,0,0
1565121,100083,-3,0.0,90000,,0.0,,,0.0,,0.0,0.0,0.0,0.0,,0,,,0.0,Active,0,0
1565121,100083,-14,0.0,90000,,0.0,,,0.0,,0.0,0.0,0.0,0.0,,0,,,0.0,Active,0,0
1565121,100083,-7,0.0,90000,,0.0,,,0.0,,0.0,0.0,0.0,0.0,,0,,,0.0,Active,0,0
1565121,100083,-25,0.0,90000,,0.0,,,,,0.0,0.0,0.0,0.0,,0,,,,Active,0,0
1565121,100083,-8,0.0,90000,,0.0,,,0.0,,0.0,0.0,0.0,0.0,,0,,,0.0,Active,0,0
1565121,100083,-11,0.0,90000,,0.0,,,0.0,,0.0,0.0,0.0,0.0,,0,,,0.0,Active,0,0
1565121,100083,-6,0.0,90000,,0.0,,,0.0,,0.0,0.0,0.0,0.0,,0,,,0.0,Active,0,0
1565121,100083,-12,0.0,90000,,0.0,,,0.0,,0.0,0.0,0.0,0.0,,0,,,0.0,Active,0,0
1565121,100083,-16,0.0,90000,,0.0,,,0.0,,0.0,0.0,0.0,0.0,,0,,,0.0,Active,0,0
1565121,100083,-22,0.0,90000,,0.0,,,0.0,,0.0,0.0,0.0,0.0,,0,,,0.0,Active,0,0
1565121,100083,-23,0.0,90000,,0.0,,,0.0,,0.0,0.0,0.0,0.0,,0,,,0.0,Active,0,0
1565121,100083,-24,0.0,90000,,0.0,,,,,0.0,0.0,0.0,0.0,,0,,,,Active,0,0
1565121,100083,-10,0.0,90000,,0.0,,,0.0,,0.0,0.0,0.0,0.0,,0,,,0.0,Active,0,0
1856124,100086,-69,97170.975,112500,0.0,0.0,0.0,0.0,5625.0,5625.0,5625.0,93294.0,97170.975,97170.975,0.0,0,0.0,0.0,12.0,Active,0,0
1856124,100086,-53,71494.65,112500,0.0,0.0,0.0,0.0,5625.0,5625.0,5625.0,68138.685,71494.65,71494.65,0.0,0,0.0,0.0,28.0,Active,1,1
1856124,100086,-52,63503.865,112500,0.0,0.0,0.0,0.0,5625.0,11250.0,11250.0,60244.65,63503.865,63503.865,0.0,0,0.0,0.0,29.0,Active,0,0
1856124,100086,-67,93651.975,112500,0.0,0.0,0.0,0.0,5625.0,5625.0,5625.0,89802.99,93651.975,93651.975,0.0,0,0.0,0.0,14.0,Active,0,0
1856124,100086,-46,47780.01,112500,0.0,0.0,0.0,0.0,5625.0,5625.0,5625.0,44914.635,47780.01,47780.01,0.0,0,0.0,0.0,35.0,Active,0,0
1856124,100086,-64,93699.315,112500,0.0,0.0,0.0,0.0,5625.0,5625.0,5625.0,89802.99,93699.315,93699.315,0.0,0,0.0,0.0,17.0,Active,1,1
1856124,100086,-55,76059.225,112500,0.0,0.0,0.0,0.0,5625.0,5625.0,5625.0,72547.92,76059.225,76059.225,0.0,0,0.0,0.0,26.0,Active,1,1
1856124,100086,-59,84288.69,112500,0.0,0.0,0.0,0.0,5625.0,5625.0,5625.0,80633.025,84288.69,84288.69,0.0,0,0.0,0.0,22.0,Active,1,1
1856124,100086,-16,0.0,112500,0.0,0.0,0.0,0.0,0.0,414.54,0.0,0.0,0.0,0.0,0.0,0,0.0,0.0,52.0,Active,0,0
1856124,100086,-78,111633.39,112500,0.0,0.0,0.0,0.0,5625.0,11250.0,11250.0,107476.065,113208.39,114783.39,0.0,0,0.0,0.0,3.0,Active,0,0
1856124,100086,-3,0.0,45000,0.0,0.0,0.0,0.0,0.0,414.54,0.0,0.0,0.0,0.0,0.0,0,0.0,0.0,52.0,Active,0,0
1856124,100086,-38,23138.19,112500,0.0,0.0,0.0,0.0,5625.0,5625.0,5625.0,20862.765,23138.19,23138.19,0.0,0,0.0,0.0,43.0,Active,0,0
1856124,100086,-34,8973.72,112500,0.0,0.0,0.0,0.0,5625.0,5625.0,5625.0,7019.73,8973.72,8973.72,0.0,0,0.0,0.0,47.0,Active,0,0
1856124,100086,-63,91878.3,112500,0.0,0.0,0.0,0.0,5625.0,5625.0,5625.0,88074.315,91878.3,91878.3,0.0,0,0.0,0.0,18.0,Active,1,1
1856124,100086,-73,107735.535,112500,0.0,0.0,0.0,0.0,5625.0,11250.0,11250.0,103525.425,109310.535,110885.535,0.0,0,0.0,0.0,8.0,Active,0,0
1856124,100086,-6,0.0,45000,0.0,0.0,0.0,0.0,0.0,414.54,0.0,0.0,0.0,0.0,0.0,0,0.0,0.0,52.0,Active,0,0
1856124,100086,-5,0.0,45000,0.0,0.0,0.0,0.0,0.0,414.54,0.0,0.0,0.0,0.0,0.0,0,0.0,0.0,52.0,Active,0,0
1856124,100086,-39,26487.765,112500,0.0,0.0,0.0,0.0,5625.0,5625.0,5625.0,24127.74,26487.765,26487.765,0.0,0,0.0,0.0,42.0,Active,0,0
1856124,100086,-79,118726.065,112500,0.0,0.0,0.0,0.0,5625.0,0.0,0.0,110072.925,118726.065,118726.065,0.0,0,0.0,0.0,2.0,Active,1,1
1856124,100086,-25,0.0,112500,0.0,0.0,0.0,0.0,0.0,414.54,0.0,0.0,0.0,0.0,0.0,0,0.0,0.0,52.0,Active,0,0
1856124,100086,-44,42026.94,112500,0.0,0.0,0.0,0.0,5625.0,5625.0,5625.0,39302.415,42026.94,42026.94,0.0,0,0.0,0.0,37.0,Active,0,0
1856124,100086,-84,0.0,112500,,0.0,,,,0.0,0.0,0.0,0.0,0.0,,0,,,,Active,0,0
1856124,100086,-70,98919.0,112500,0.0,0.0,0.0,0.0,5625.0,5625.0,5625.0,94957.83,98919.0,98919.0,0.0,0,0.0,0.0,11.0,Active,0,0
1856124,100086,-21,0.0,112500,0.0,0.0,0.0,0.0,0.0,414.54,0.0,0.0,0.0,0.0,0.0,0,0.0,0.0,52.0,Active,0,0
1856124,100086,-11,0.0,45000,0.0,0.0,0.0,0.0,0.0,414.54,0.0,0.0,0.0,0.0,0.0,0,0.0,0.0,52.0,Active,0,0
1856124,100086,-18,0.0,112500,0.0,0.0,0.0,0.0,0.0,414.54,0.0,0.0,0.0,0.0,0.0,0,0.0,0.0,52.0,Active,0,0
1856124,100086,-33,5208.57,112500,0.0,0.0,0.0,0.0,5625.0,5625.0,5625.0,3348.72,5208.57,5208.57,0.0,0,0.0,0.0,48.0,Active,0,0
1856124,100086,-13,0.0,112500,0.0,0.0,0.0,0.0,0.0,414.54,0.0,0.0,0.0,0.0,0.0,0,0.0,0.0,52.0,Active,0,0
1856124,100086,-49,55903.815,112500,0.0,0.0,0.0,0.0,5625.0,5625.0,5625.0,52862.22,55903.815,55903.815,0.0,0,0.0,0.0,32.0,Active,0,0
1856124,100086,-65,95542.965,112500,0.0,0.0,0.0,0.0,5625.0,5625.0,5625.0,89802.99,95542.965,95542.965,0.0,0,0.0,0.0,16.0,Active,1,1
1856124,100086,-24,0.0,112500,0.0,0.0,0.0,0.0,0.0,414.54,0.0,0.0,0.0,0.0,0.0,0,0.0,0.0,52.0,Active,0,0
1856124,100086,-4,0.0,45000,0.0,0.0,0.0,0.0,0.0,414.54,0.0,0.0,0.0,0.0,0.0,0,0.0,0.0,52.0,Active,0,0
1856124,100086,-74,113093.1,112500,0.0,0.0,0.0,0.0,5625.0,5625.0,5625.0,107476.065,114775.425,116457.75,0.0,0,0.0,0.0,7.0,Active,1,1
1856124,100086,-80,114419.61,112500,0.0,0.0,0.0,0.0,5625.0,5625.0,5625.0,110072.925,114419.61,114419.61,0.0,0,0.0,0.0,1.0,Active,0,0
1856124,100086,-42,41631.3,112500,0.0,0.0,0.0,0.0,5625.0,0.0,0.0,36401.94,41631.3,41631.3,0.0,0,0.0,0.0,39.0,Active,1,1
1856124,100086,-72,107676.09,112500,0.0,0.0,0.0,0.0,5625.0,5625.0,5625.0,103525.425,107836.2,107996.31,0.0,0,0.0,0.0,9.0,Active,0,0
1856124,100086,-14,0.0,112500,0.0,0.0,0.0,0.0,0.0,414.54,0.0,0.0,0.0,0.0,0.0,0,0.0,0.0,52.0,Active,0,0
1856124,100086,-76,115909.605,112500,0.0,0.0,0.0,0.0,5625.0,0.0,0.0,107476.065,116016.93,116124.255,0.0,0,0.0,0.0,5.0,Active,1,1
1856124,100086,-43,39065.445,112500,0.0,0.0,0.0,0.0,5625.0,5625.0,5625.0,36401.94,39065.445,39065.445,0.0,0,0.0,0.0,38.0,Active,0,0
1856124,100086,-1,0.0,45000,0.0,0.0,0.0,0.0,0.0,414.54,0.0,0.0,0.0,0.0,0.0,0,0.0,0.0,52.0,Active,0,0
1856124,100086,-22,0.0,112500,0.0,0.0,0.0,0.0,0.0,414.54,0.0,0.0,0.0,0.0,0.0,0,0.0,0.0,52.0,Active,0,0
1856124,100086,-68,95427.99,112500,0.0,0.0,0.0,0.0,5625.0,5625.0,5625.0,91545.975,95427.99,95427.99,0.0,0,0.0,0.0,13.0,Active,0,0
1856124,100086,-75,114529.23,112500,0.0,0.0,0.0,0.0,5625.0,5625.0,5625.0,107476.065,114636.555,114743.88,0.0,0,0.0,0.0,6.0,Active,1,1
1856124,100086,-36,16225.74,112500,0.0,0.0,0.0,0.0,5625.0,5625.0,5625.0,14092.065,16225.74,16225.74,0.0,0,0.0,0.0,45.0,Active,0,0
1856124,100086,-23,0.0,112500,0.0,0.0,0.0,0.0,0.0,414.54,0.0,0.0,0.0,0.0,0.0,0,0.0,0.0,52.0,Active,0,0
1856124,100086,-17,0.0,112500,0.0,0.0,0.0,0.0,0.0,414.54,0.0,0.0,0.0,0.0,0.0,0,0.0,0.0,52.0,Active,0,0
1856124,100086,-62,89976.555,112500,0.0,0.0,0.0,0.0,5625.0,5625.0,5625.0,86253.3,89976.555,89976.555,0.0,0,0.0,0.0,19.0,Active,1,1
1856124,100086,-27,0.0,112500,0.0,0.0,0.0,0.0,0.0,414.54,0.0,0.0,0.0,0.0,0.0,0,0.0,0.0,52.0,Active,0,0
1856124,100086,-26,0.0,112500,0.0,0.0,0.0,0.0,0.0,414.54,0.0,0.0,0.0,0.0,0.0,0,0.0,0.0,52.0,Active,0,0
1856124,100086,-15,0.0,112500,0.0,0.0,0.0,0.0,0.0,414.54,0.0,0.0,0.0,0.0,0.0,0,0.0,0.0,52.0,Active,0,0
1856124,100086,-66,97339.815,112500,0.0,0.0,0.0,0.0,5625.0,0.0,0.0,89802.99,97339.815,97339.815,0.0,0,0.0,0.0,15.0,Active,1,1
1856124,100086,-7,0.0,45000,0.0,0.0,0.0,0.0,0.0,414.54,0.0,0.0,0.0,0.0,0.0,0,0.0,0.0,52.0,Active,0,0
1856124,100086,-9,0.0,45000,0.0,0.0,0.0,0.0,0.0,414.54,0.0,0.0,0.0,0.0,0.0,0,0.0,0.0,52.0,Active,0,0
1856124,100086,-51,61036.92,112500,0.0,0.0,0.0,0.0,5625.0,5625.0,5625.0,57878.865,61036.92,61036.92,0.0,0,0.0,0.0,30.0,Active,0,0
1856124,100086,-57,80245.845,112500,0.0,0.0,0.0,0.0,5625.0,5625.0,5625.0,76691.34,80245.845,80245.845,0.0,0,0.0,0.0,24.0,Active,1,1
1856124,100086,-47,50539.635,112500,0.0,0.0,0.0,0.0,5625.0,5625.0,5625.0,47643.615,50539.635,50539.635,0.0,0,0.0,0.0,34.0,Active,0,0
1856124,100086,-60,86258.025,112500,0.0,0.0,0.0,0.0,5625.0,5625.0,5625.0,82516.005,86258.025,86258.025,0.0,0,0.0,0.0,21.0,Active,1,1
1856124,100086,-20,0.0,112500,0.0,0.0,0.0,0.0,0.0,414.54,0.0,0.0,0.0,0.0,0.0,0,0.0,0.0,52.0,Active,0,0
1856124,100086,-77,111720.735,112500,0.0,0.0,0.0,0.0,5625.0,5625.0,5625.0,107476.065,111828.06,111935.385,0.0,0,0.0,0.0,4.0,Active,0,0
1856124,100086,-48,53268.615,112500,0.0,0.0,0.0,0.0,5625.0,5625.0,5625.0,50278.815,53268.615,53268.615,0.0,0,0.0,0.0,33.0,Active,0,0
1856124,100086,-28,0.0,112500,0.0,0.0,0.0,0.0,0.0,414.54,0.0,0.0,0.0,0.0,0.0,0,0.0,0.0,52.0,Active,0,0
1856124,100086,-41,32942.7,112500,0.0,0.0,0.0,0.0,5625.0,11250.0,11250.0,30381.3,32942.7,32942.7,0.0,0,0.0,0.0,40.0,Active,0,0
1856124,100086,-50,58487.22,112500,0.0,0.0,0.0,0.0,5625.0,5625.0,5625.0,55411.92,58487.22,58487.22,0.0,0,0.0,0.0,31.0,Active,0,0
1856124,100086,-30,67.5,112500,0.0,0.0,0.0,0.0,67.5,549.54,0.0,0.0,0.0,0.0,0.0,0,0.0,0.0,51.0,Active,0,0
1856124,100086,-31,67.5,112500,0.0,0.0,0.0,0.0,91.89,641.43,450.0,0.0,0.0,0.0,0.0,0,0.0,0.0,50.0,Active,0,0
1856124,100086,-61,88141.005,112500,0.0,0.0,0.0,0.0,5625.0,5625.0,5625.0,84351.555,88141.005,88141.005,0.0,0,0.0,0.0,20.0,Active,1,1
1856124,100086,-71,100582.83,112500,0.0,0.0,0.0,0.0,5625.0,11250.0,11250.0,96586.2,100582.83,100582.83,0.0,0,0.0,0.0,10.0,Active,0,0
1856124,100086,-45,44927.415,112500,0.0,0.0,0.0,0.0,5625.0,5625.0,5625.0,42155.01,44927.415,44927.415,0.0,0,0.0,0.0,36.0,Active,0,0
1856124,100086,-54,73763.685,112500,0.0,0.0,0.0,0.0,5625.0,5625.0,5625.0,70434.225,73763.685,73763.685,0.0,0,0.0,0.0,27.0,Active,1,1
1856124,100086,-8,0.0,45000,0.0,0.0,0.0,0.0,0.0,414.54,0.0,0.0,0.0,0.0,0.0,0,0.0,0.0,52.0,Active,0,0
1856124,100086,-37,19717.065,112500,0.0,0.0,0.0,0.0,5625.0,5625.0,5625.0,17513.19,19717.065,19717.065,0.0,0,0.0,0.0,44.0,Active,0,0
1856124,100086,-32,91.89,112500,0.0,0.0,0.0,0.0,5208.57,5400.0,5400.0,0.0,0.0,0.0,0.0,0,0.0,0.0,49.0,Active,0,0
1856124,100086,-40,29752.74,112500,0.0,0.0,0.0,0.0,5625.0,5625.0,5625.0,27317.7,29752.74,29752.74,0.0,0,0.0,0.0,41.0,Active,0,0
1856124,100086,-12,0.0,45000,0.0,0.0,0.0,0.0,0.0,414.54,0.0,0.0,0.0,0.0,0.0,0,0.0,0.0,52.0,Active,0,0
1856124,100086,-81,115697.925,112500,112500.0,112500.0,0.0,0.0,,0.0,0.0,112500.0,115697.925,115697.925,5.0,5,0.0,0.0,,Active,0,0
1856124,100086,-35,12644.73,112500,0.0,0.0,0.0,0.0,5625.0,5625.0,5625.0,10600.74,12644.73,12644.73,0.0,0,0.0,0.0,46.0,Active,0,0
1856124,100086,-56,78172.92,112500,0.0,0.0,0.0,0.0,5625.0,5625.0,5625.0,74620.845,78172.92,78172.92,0.0,0,0.0,0.0,25.0,Active,1,1
1856124,100086,-2,0.0,45000,0.0,0.0,0.0,0.0,0.0,414.54,0.0,0.0,0.0,0.0,0.0,0,0.0,0.0,52.0,Active,0,0
1856124,100086,-10,0.0,45000,0.0,0.0,0.0,0.0,0.0,414.54,0.0,0.0,0.0,0.0,0.0,0,0.0,0.0,52.0,Active,0,0
1856124,100086,-29,0.0,112500,0.0,0.0,0.0,0.0,67.5,482.04,0.0,0.0,0.0,0.0,0.0,0,0.0,0.0,52.0,Active,0,0
1856124,100086,-82,0.0,112500,,0.0,,,,0.0,0.0,0.0,0.0,0.0,,0,,,,Active,0,0
1856124,100086,-58,82316.34,112500,0.0,0.0,0.0,0.0,5625.0,5625.0,5625.0,78663.69,82316.34,82316.34,0.0,0,0.0,0.0,23.0,Active,1,1
1856124,100086,-19,0.0,112500,0.0,0.0,0.0,0.0,0.0,414.54,0.0,0.0,0.0,0.0,0.0,0,0.0,0.0,52.0,Active,0,0
1856124,100086,-83,0.0,112500,,0.0,,,,0.0,0.0,0.0,0.0,0.0,,0,,,,Active,0,0
2444847,100090,-28,0.0,450000,,0.0,,,0.0,,0.0,0.0,0.0,0.0,,0,,,0.0,Active,0,0
2444847,100090,-7,0.0,45000,,0.0,,,0.0,,0.0,0.0,0.0,0.0,,0,,,0.0,Active,0,0
2444847,100090,-5,0.0,45000,,0.0,,,0.0,,0.0,0.0,0.0,0.0,,0,,,0.0,Active,0,0
2444847,100090,-3,0.0,45000,,0.0,,,0.0,,0.0,0.0,0.0,0.0,,0,,,0.0,Active,0,0
2444847,100090,-1,0.0,45000,,0.0,,,0.0,,0.0,0.0,0.0,0.0,,0,,,0.0,Active,0,0
2444847,100090,-25,0.0,450000,,0.0,,,0.0,,0.0,0.0,0.0,0.0,,0,,,0.0,Active,0,0
2444847,100090,-6,0.0,45000,,0.0,,,0.0,,0.0,0.0,0.0,0.0,,0,,,0.0,Active,0,0
2444847,100090,-11,0.0,450000,,0.0,,,0.0,,0.0,0.0,0.0,0.0,,0,,,0.0,Active,0,0
2444847,100090,-21,0.0,450000,,0.0,,,0.0,,0.0,0.0,0.0,0.0,,0,,,0.0,Active,0,0
2444847,100090,-20,0.0,450000,,0.0,,,0.0,,0.0,0.0,0.0,0.0,,0,,,0.0,Active,0,0
2444847,100090,-2,0.0,45000,,0.0,,,0.0,,0.0,0.0,0.0,0.0,,0,,,0.0,Active,0,0
2444847,100090,-27,0.0,450000,,0.0,,,0.0,,0.0,0.0,0.0,0.0,,0,,,0.0,Active,0,0
2444847,100090,-12,0.0,450000,,0.0,,,0.0,,0.0,0.0,0.0,0.0,,0,,,0.0,Active,0,0
2444847,100090,-16,0.0,450000,,0.0,,,0.0,,0.0,0.0,0.0,0.0,,0,,,0.0,Active,0,0
2444847,100090,-4,0.0,45000,,0.0,,,0.0,,0.0,0.0,0.0,0.0,,0,,,0.0,Active,0,0
2444847,100090,-9,0.0,450000,,0.0,,,0.0,,0.0,0.0,0.0,0.0,,0,,,0.0,Active,0,0
2444847,100090,-15,0.0,450000,,0.0,,,0.0,,0.0,0.0,0.0,0.0,,0,,,0.0,Active,0,0
2444847,100090,-24,0.0,450000,,0.0,,,0.0,,0.0,0.0,0.0,0.0,,0,,,0.0,Active,0,0
2444847,100090,-13,0.0,450000,,0.0,,,0.0,,0.0,0.0,0.0,0.0,,0,,,0.0,Active,0,0
2444847,100090,-17,0.0,450000,,0.0,,,0.0,,0.0,0.0,0.0,0.0,,0,,,0.0,Active,0,0
2444847,100090,-22,0.0,450000,,0.0,,,0.0,,0.0,0.0,0.0,0.0,,0,,,0.0,Active,0,0
2444847,100090,-19,0.0,450000,,0.0,,,0.0,,0.0,0.0,0.0,0.0,,0,,,0.0,Active,0,0
2444847,100090,-8,0.0,450000,,0.0,,,0.0,,0.0,0.0,0.0,0.0,,0,,,0.0,Active,0,0
2444847,100090,-14,0.0,450000,,0.0,,,0.0,,0.0,0.0,0.0,0.0,,0,,,0.0,Active,0,0
2444847,100090,-18,0.0,450000,,0.0,,,0.0,,0.0,0.0,0.0,0.0,,0,,,0.0,Active,0,0
2444847,100090,-23,0.0,450000,,0.0,,,0.0,,0.0,0.0,0.0,0.0,,0,,,0.0,Active,0,0
2444847,100090,-26,0.0,450000,,0.0,,,0.0,,0.0,0.0,0.0,0.0,,0,,,0.0,Active,0,0
2444847,100090,-10,0.0,450000,,0.0,,,0.0,,0.0,0.0,0.0,0.0,,0,,,0.0,Active,0,0
1595956,100100,-24,0.0,90000,0.0,0.0,0.0,0.0,0.0,483.345,0.0,0.0,0.0,0.0,0.0,0,0.0,0.0,58.0,Active,0,0
1595956,100100,-77,64238.445,90000,0.0,0.0,0.0,0.0,4500.0,13500.0,13500.0,61825.365,64238.445,64238.445,0.0,0,0.0,0.0,17.0,Active,0,0
1595956,100100,-59,61296.84,90000,0.0,0.0,0.0,0.0,4500.0,9000.0,9000.0,59072.985,61296.84,61296.84,0.0,0,0.0,0.0,35.0,Active,0,0
1595956,100100,-4,0.0,45000,0.0,0.0,0.0,0.0,0.0,483.345,0.0,0.0,0.0,0.0,0.0,0,0.0,0.0,58.0,Active,0,0
1595956,100100,-89,51078.24,90000,22500.0,45000.0,22500.0,0.0,4500.0,45000.0,45000.0,45679.5,51078.24,51078.24,1.0,2,1.0,0.0,5.0,Active,0,0
1595956,100100,-68,92012.58,90000,4500.0,4500.0,0.0,0.0,4500.0,0.0,0.0,85594.275,92012.58,92012.58,1.0,1,0.0,0.0,26.0,Active,1,1
1595956,100100,-72,89274.33,90000,0.0,0.0,0.0,0.0,4500.0,4500.0,4500.0,86519.025,89274.33,89274.33,0.0,0,0.0,0.0,22.0,Active,0,0
1595956,100100,-78,75325.365,90000,0.0,0.0,0.0,0.0,4500.0,9000.0,9000.0,72759.465,75325.365,75325.365,0.0,0,0.0,0.0,16.0,Active,0,0
1595956,100100,-57,56835.36,90000,0.0,0.0,0.0,0.0,4500.0,9000.0,9000.0,54600.075,56835.36,56835.36,0.0,0,0.0,0.0,37.0,Active,0,0
1595956,100100,-56,59066.415,90000,0.0,0.0,0.0,0.0,4500.0,0.0,0.0,54600.075,59066.415,59066.415,0.0,0,0.0,0.0,38.0,Active,1,1
1595956,100100,-70,90094.275,90000,0.0,0.0,0.0,0.0,4500.0,0.0,0.0,84774.33,90094.275,90094.275,0.0,0,0.0,0.0,24.0,Active,1,1
1595956,100100,-66,70343.415,90000,0.0,0.0,0.0,0.0,4500.0,18000.0,18000.0,67665.645,70343.415,70343.415,0.0,0,0.0,0.0,28.0,Active,0,0
1595956,100100,-41,53438.985,90000,0.0,0.0,0.0,0.0,4500.0,45000.0,45000.0,51182.91,53438.985,53438.985,0.0,0,0.0,0.0,44.0,Active,0,0
1595956,100100,-17,0.0,45000,0.0,0.0,0.0,0.0,0.0,483.345,0.0,0.0,0.0,0.0,0.0,0,0.0,0.0,58.0,Active,0,0
1595956,100100,-67,85665.645,90000,0.0,0.0,0.0,0.0,4500.0,9000.0,9000.0,83012.58,85665.645,85665.645,0.0,0,0.0,0.0,27.0,Active,0,0
1595956,100100,-18,0.0,90000,0.0,0.0,0.0,0.0,0.0,483.345,0.0,0.0,0.0,0.0,0.0,0,0.0,0.0,58.0,Active,0,0
1595956,100100,-76,62038.305,90000,0.0,0.0,0.0,0.0,4500.0,4500.0,4500.0,59738.445,62038.305,62038.305,0.0,0,0.0,0.0,18.0,Active,0,0
1595956,100100,-87,69399.135,90000,0.0,0.0,0.0,0.0,4500.0,4500.0,4500.0,66957.84,69399.135,69399.135,0.0,0,0.0,0.0,7.0,Active,0,0
1595956,100100,-29,44022.195,90000,0.0,0.0,0.0,0.0,4500.0,0.0,0.0,39930.57,44022.195,44022.195,0.0,0,0.0,0.0,56.0,Active,1,1
1595956,100100,-37,79753.995,90000,36000.0,36000.0,0.0,0.0,4500.0,9000.0,9000.0,75542.625,79753.995,79753.995,1.0,1,0.0,0.0,48.0,Active,0,0
1595956,100100,-39,91336.545,90000,36000.0,36000.0,0.0,0.0,4500.0,0.0,0.0,82688.985,91336.545,91336.545,2.0,2,0.0,0.0,46.0,Active,1,1
1595956,100100,-64,66297.24,90000,0.0,0.0,0.0,0.0,4500.0,9000.0,9000.0,63852.84,66297.24,66297.24,0.0,0,0.0,0.0,30.0,Active,0,0
1595956,100100,-14,0.0,45000,0.0,0.0,0.0,0.0,0.0,483.345,0.0,0.0,0.0,0.0,0.0,0,0.0,0.0,58.0,Active,0,0
1595956,100100,-25,0.0,90000,0.0,0.0,0.0,0.0,0.0,483.345,0.0,0.0,0.0,0.0,0.0,0,0.0,0.0,58.0,Active,0,0
1595956,100100,-60,68072.985,90000,0.0,0.0,0.0,0.0,4500.0,0.0,0.0,62159.805,68072.985,68072.985,0.0,0,0.0,0.0,34.0,Active,1,1
1595956,100100,-8,0.0,45000,0.0,0.0,0.0,0.0,0.0,483.345,0.0,0.0,0.0,0.0,0.0,0,0.0,0.0,58.0,Active,0,0
1595956,100100,-12,0.0,45000,0.0,0.0,0.0,0.0,0.0,483.345,0.0,0.0,0.0,0.0,0.0,0,0.0,0.0,58.0,Active,0,0
1595956,100100,-61,65719.935,90000,4500.0,4500.0,0.0,0.0,4500.0,9000.0,9000.0,62159.805,65719.935,65719.935,1.0,1,0.0,0.0,33.0,Active,0,0
1595956,100100,-91,55264.5,90000,0.0,0.0,0.0,0.0,4500.0,13500.0,13500.0,53914.5,55264.5,55264.5,0.0,0,0.0,0.0,3.0,Active,0,0
1595956,100100,-92,67414.5,90000,0.0,0.0,0.0,0.0,4500.0,4500.0,4500.0,66064.5,67414.5,67414.5,0.0,0,0.0,0.0,2.0,Signed,0,0
1595956,100100,-53,33159.015,90000,0.0,0.0,0.0,0.0,4500.0,0.0,0.0,29373.435,33159.015,33159.015,0.0,0,0.0,0.0,41.0,Active,1,1
1595956,100100,-16,0.0,45000,0.0,0.0,0.0,0.0,0.0,483.345,0.0,0.0,0.0,0.0,0.0,0,0.0,0.0,58.0,Active,0,0
1595956,100100,-43,0.0,90000,0.0,0.0,0.0,0.0,0.0,320.13,0.0,0.0,-320.13,-320.13,0.0,0,0.0,0.0,43.0,Active,0,0
1595956,100100,-63,68745.15,90000,0.0,0.0,0.0,0.0,4500.0,0.0,0.0,63852.84,68745.15,68745.15,0.0,0,0.0,0.0,31.0,Active,1,1
1595956,100100,-15,0.0,45000,0.0,0.0,0.0,0.0,0.0,483.345,0.0,0.0,0.0,0.0,0.0,0,0.0,0.0,58.0,Active,0,0
1595956,100100,-7,0.0,45000,0.0,0.0,0.0,0.0,0.0,483.345,0.0,0.0,0.0,0.0,0.0,0,0.0,0.0,58.0,Active,0,0
1595956,100100,-27,0.0,90000,0.0,0.0,0.0,0.0,269.46,752.805,0.0,0.0,0.0,0.0,0.0,0,0.0,0.0,58.0,Active,0,0
1595956,100100,-31,48930.57,90000,0.0,0.0,0.0,0.0,4500.0,9000.0,9000.0,46765.125,48930.57,48930.57,0.0,0,0.0,0.0,54.0,Active,0,0
1595956,100100,-36,73289.88,90000,0.0,0.0,0.0,0.0,4500.0,9000.0,9000.0,70753.995,73289.88,73289.88,0.0,0,0.0,0.0,49.0,Active,0,0
1595956,100100,-5,0.0,45000,0.0,0.0,0.0,0.0,0.0,483.345,0.0,0.0,0.0,0.0,0.0,0,0.0,0.0,58.0,Active,0,0
1595956,100100,-32,55765.125,90000,0.0,0.0,0.0,0.0,4500.0,9000.0,9000.0,53478.54,55765.125,55765.125,0.0,0,0.0,0.0,53.0,Active,0,0
1595956,100100,-34,69130.665,90000,0.0,0.0,0.0,0.0,4500.0,9000.0,9000.0,66705.075,69130.665,69130.665,0.0,0,0.0,0.0,51.0,Active,0,0
1595956,100100,-82,78098.94,90000,0.0,0.0,0.0,0.0,4500.0,9000.0,9000.0,75487.635,78098.94,78098.94,0.0,0,0.0,0.0,12.0,Active,0,0
1595956,100100,-33,62478.54,90000,0.0,0.0,0.0,0.0,4500.0,9000.0,9000.0,60130.665,62478.54,62478.54,0.0,0,0.0,0.0,52.0,Active,0,0
1595956,100100,-2,0.0,45000,0.0,0.0,0.0,0.0,0.0,483.345,0.0,0.0,0.0,0.0,0.0,0,0.0,0.0,58.0,Active,0,0
1595956,100100,-94,37714.5,90000,0.0,36364.5,0.0,36364.5,,0.0,0.0,36364.5,37714.5,37714.5,0.0,1,0.0,1.0,,Signed,0,0
1595956,100100,-6,0.0,45000,0.0,0.0,0.0,0.0,0.0,483.345,0.0,0.0,0.0,0.0,0.0,0,0.0,0.0,58.0,Active,0,0
1595956,100100,-51,0.0,90000,0.0,0.0,0.0,0.0,45.855,365.985,0.0,0.0,0.0,0.0,0.0,0,0.0,0.0,43.0,Active,0,0
1595956,100100,-38,48542.625,90000,0.0,0.0,0.0,0.0,4500.0,45000.0,45000.0,46336.545,48542.625,48542.625,0.0,0,0.0,0.0,47.0,Active,0,0
1595956,100100,-45,0.0,90000,0.0,0.0,0.0,0.0,0.0,320.13,0.0,0.0,-320.13,-320.13,0.0,0,0.0,0.0,43.0,Active,0,0
1595956,100100,-83,84487.635,90000,0.0,0.0,0.0,0.0,4500.0,4500.0,4500.0,81885.69,84487.635,84487.635,0.0,0,0.0,0.0,11.0,Active,0,0
1595956,100100,-11,0.0,45000,0.0,0.0,0.0,0.0,0.0,483.345,0.0,0.0,0.0,0.0,0.0,0,0.0,0.0,58.0,Active,0,0
1595956,100100,-40,50631.57,90000,45000.0,45000.0,0.0,0.0,4500.0,51750.0,51750.0,46688.985,50631.57,50631.57,1.0,1,0.0,0.0,45.0,Active,0,0
1595956,100100,-48,0.0,90000,0.0,0.0,0.0,0.0,0.0,320.13,0.0,0.0,-320.13,-320.13,0.0,0,0.0,0.0,43.0,Active,0,0
1595956,100100,-69,83724.075,90000,0.0,0.0,0.0,0.0,4500.0,9000.0,9000.0,81094.275,83724.075,83724.075,0.0,0,0.0,0.0,25.0,Active,0,0
1595956,100100,-19,0.0,90000,0.0,0.0,0.0,0.0,0.0,483.345,0.0,0.0,0.0,0.0,0.0,0,0.0,0.0,58.0,Active,0,0
1595956,100100,-46,0.0,90000,0.0,0.0,0.0,0.0,0.0,320.13,0.0,0.0,-320.13,-320.13,0.0,0,0.0,0.0,43.0,Active,0,0
1595956,100100,-20,0.0,90000,0.0,0.0,0.0,0.0,0.0,483.345,0.0,0.0,0.0,0.0,0.0,0,0.0,0.0,58.0,Active,0,0
1595956,100100,-35,75705.075,90000,0.0,0.0,0.0,0.0,4500.0,0.0,0.0,70753.995,75705.075,75705.075,0.0,0,0.0,0.0,50.0,Active,1,1
1595956,100100,-79,81759.465,90000,13500.0,13500.0,0.0,0.0,4500.0,4500.0,4500.0,78538.005,81759.465,81759.465,1.0,1,0.0,0.0,15.0,Active,0,0
1595956,100100,-75,59833.665,90000,0.0,0.0,0.0,0.0,4500.0,4500.0,4500.0,57538.305,59833.665,59833.665,0.0,0,0.0,0.0,19.0,Active,0,0
1595956,100100,-93,70564.5,90000,45000.0,45000.0,0.0,0.0,4500.0,13500.0,13500.0,69214.5,70564.5,70564.5,1.0,1,0.0,0.0,1.0,Signed,0,0
1595956,100100,-47,0.0,90000,0.0,0.0,0.0,0.0,0.0,320.13,0.0,0.0,-320.13,-320.13,0.0,0,0.0,0.0,43.0,Active,0,0
1595956,100100,-21,0.0,90000,0.0,0.0,0.0,0.0,0.0,483.345,0.0,0.0,0.0,0.0,0.0,0,0.0,0.0,58.0,Active,0,0
1595956,100100,-13,0.0,45000,0.0,0.0,0.0,0.0,0.0,483.345,0.0,0.0,0.0,0.0,0.0,0,0.0,0.0,58.0,Active,0,0
1595956,100100,-80,69538.005,90000,0.0,0.0,0.0,0.0,4500.0,4500.0,4500.0,67094.73,69538.005,69538.005,0.0,0,0.0,0.0,14.0,Active,0,0
1595956,100100,-54,31335.03,90000,0.0,0.0,0.0,0.0,4500.0,22500.0,22500.0,29373.435,31335.03,31335.03,0.0,0,0.0,0.0,40.0,Active,0,0
1595956,100100,-88,71457.84,90000,22500.0,22500.0,0.0,0.0,4500.0,4500.0,4500.0,68179.5,71457.84,71457.84,1.0,1,0.0,0.0,6.0,Active,0,0
1595956,100100,-71,87376.275,90000,0.0,0.0,0.0,0.0,4500.0,4500.0,4500.0,84774.33,87376.275,87376.275,0.0,0,0.0,0.0,23.0,Active,0,0
1595956,100100,-62,66659.805,90000,0.0,0.0,0.0,0.0,4500.0,4500.0,4500.0,63852.84,66659.805,66659.805,0.0,0,0.0,0.0,32.0,Active,1,1
1595956,100100,-28,269.46,90000,0.0,0.0,0.0,0.0,4500.0,44775.0,44775.0,0.0,0.0,0.0,0.0,0,0.0,0.0,57.0,Active,0,0
1595956,100100,-3,0.0,45000,0.0,0.0,0.0,0.0,0.0,483.345,0.0,0.0,0.0,0.0,0.0,0,0.0,0.0,58.0,Active,0,0
1595956,100100,-90,45679.5,90000,45000.0,45000.0,0.0,0.0,4500.0,55935.0,55935.0,44329.5,45679.5,45679.5,2.0,2,0.0,0.0,4.0,Active,0,0
1595956,100100,-50,0.0,90000,0.0,0.0,0.0,0.0,0.0,320.13,0.0,0.0,0.0,0.0,0.0,0,0.0,0.0,43.0,Active,0,0
1595956,100100,-44,0.0,90000,0.0,0.0,0.0,0.0,0.0,320.13,0.0,0.0,-320.13,-320.13,0.0,0,0.0,0.0,43.0,Active,0,0
1595956,100100,-85,65831.535,90000,0.0,0.0,0.0,0.0,4500.0,4500.0,4500.0,63440.19,65831.535,65831.535,0.0,0,0.0,0.0,9.0,Active,0,0
1595956,100100,-55,51873.435,90000,0.0,0.0,0.0,0.0,4500.0,9360.0,9360.0,49706.415,51873.435,51873.435,0.0,0,0.0,0.0,39.0,Active,0,0
1595956,100100,-23,0.0,90000,0.0,0.0,0.0,0.0,0.0,483.345,0.0,0.0,0.0,0.0,0.0,0,0.0,0.0,58.0,Active,0,0
1595956,100100,-52,45.855,90000,0.0,0.0,0.0,0.0,4500.0,33525.0,33525.0,0.0,0.0,0.0,0.0,0,0.0,0.0,42.0,Active,0,0
1595956,100100,-81,71594.73,90000,0.0,0.0,0.0,0.0,4500.0,9000.0,9000.0,69098.94,71594.73,71594.73,0.0,0,0.0,0.0,13.0,Active,0,0
1595956,100100,-49,0.0,90000,0.0,0.0,0.0,0.0,0.0,320.13,0.0,0.0,-320.13,-320.13,0.0,0,0.0,0.0,43.0,Active,0,0
1595956,100100,-73,91019.025,90000,4500.0,4500.0,0.0,0.0,4500.0,4500.0,4500.0,87399.9,91019.025,91019.025,1.0,1,0.0,0.0,21.0,Active,0,0
1595956,100100,-1,0.0,45000,0.0,0.0,0.0,0.0,0.0,483.345,0.0,0.0,0.0,0.0,0.0,0,0.0,0.0,58.0,Active,0,0
1595956,100100,-42,96182.91,90000,90000.0,90000.0,0.0,0.0,0.0,320.13,0.0,89679.87,96182.91,96182.91,2.0,2,0.0,0.0,43.0,Active,0,0
1595956,100100,-26,0.0,90000,0.0,0.0,0.0,0.0,0.0,483.345,0.0,0.0,0.0,0.0,0.0,0,0.0,0.0,58.0,Active,0,0
1595956,100100,-74,87399.9,90000,30600.0,30600.0,0.0,0.0,4500.0,6750.0,6750.0,83683.665,87399.9,87399.9,1.0,1,0.0,0.0,20.0,Active,0,0
1595956,100100,-86,67940.19,90000,4500.0,4500.0,0.0,0.0,4500.0,9000.0,9000.0,65317.41,67940.19,67940.19,1.0,1,0.0,0.0,8.0,Active,0,0
1595956,100100,-9,0.0,45000,0.0,0.0,0.0,0.0,0.0,483.345,0.0,0.0,0.0,0.0,0.0,0,0.0,0.0,58.0,Active,0,0
1595956,100100,-22,0.0,90000,0.0,0.0,0.0,0.0,0.0,483.345,0.0,0.0,0.0,0.0,0.0,0,0.0,0.0,58.0,Active,0,0
1595956,100100,-30,42029.595,90000,0.0,0.0,0.0,0.0,4500.0,9000.0,9000.0,39930.57,42029.595,42029.595,0.0,0,0.0,0.0,55.0,Active,0,0
1595956,100100,-84,86385.69,90000,22500.0,22500.0,0.0,0.0,4500.0,4500.0,4500.0,83831.535,86385.69,86385.69,1.0,1,0.0,0.0,10.0,Active,0,0
1595956,100100,-10,0.0,45000,0.0,0.0,0.0,0.0,0.0,483.345,0.0,0.0,0.0,0.0,0.0,0,0.0,0.0,58.0,Active,0,0
1595956,100100,-58,63600.075,90000,0.0,0.0,0.0,0.0,4500.0,0.0,0.0,59072.985,63600.075,63600.075,0.0,0,0.0,0.0,36.0,Active,1,1
1595956,100100,-65,72852.84,90000,0.0,0.0,0.0,0.0,4500.0,0.0,0.0,67665.645,72852.84,72852.84,0.0,0,0.0,0.0,29.0,Active,1,1
